_id,name,louvain_comm
1,['Yash Joshi'],2
86,['Riya Kapoor'],2
3524,['Sagar Mukherjee'],2
2683,['Sneha Patel'],4
113,['Priya Joshi'],2
25,['Ishita Chatterjee'],2
19,['Sanya Singh'],2
91,['Aarav Mukherjee'],2
116,['Jahnvi Gowda'],2
1609,['Aisha Joshi'],9
1692,['Meera Deshmukh'],9
31,['Neha Joshi'],2
1849,['Rahul Agarwal'],13
41,['Ishita Deshmukh'],2
65,['Diya Banerjee'],2
108,['Nisha Verma'],2
1857,['Ananya Khan'],10
58,['Jahnvi Chatterjee'],2
47,['Kavya Joshi'],2
85,['Sagar Bose'],2
80,['Ankit Mehta'],2
2845,['Yash Gupta'],4
1338,['Priya Banerjee'],15
2,['Aakash Sharma'],2
10,['Sagar Nair'],2
76,['Aditi Khan'],2
40,['Ananya Bhat'],2
3557,['Mira Bhat'],1
81,['Priya Kapoor'],2
2571,['Aarohi Verma'],12
3509,['Sanya Chatterjee'],2
936,['Sagar Khan'],14
70,['Siddharth Bose'],2
68,['Priya Patel'],2
114,['Harsh Patel'],2
106,['Sagar Deshmukh'],2
56,['Nisha Mukherjee'],2
3,['Ira Nair'],2
410,['Kunal Chatterjee'],6
3307,['Kunal Mehta'],5
3157,['Vikram Verma'],2
54,['Dev Patel'],2
3429,['Nisha Iyer'],5
215,['Jahnvi Nair'],5
26,['Kavya Patel'],2
4,['Tanvi Joshi'],2
2317,['Aman Chatterjee'],11
59,['Kavya Verma'],2
33,['Sanya Deshmukh'],2
2544,['Arjun Khan'],12
3013,['Sanya Reddy'],2
3269,['Rajat Sharma'],1
95,['Rohan Agarwal'],2
2136,['Mira Khan'],0
52,['Sagar Khan'],2
1466,['Aman Nair'],7
2713,['Priya Singh'],2
5,['Aarav Nair'],2
51,['Dev Mehta'],2
2555,['Ankit Chatterjee'],12
1599,['Rohan Bhat'],9
1833,['Sanya Deshmukh'],13
1895,['Aditi Khan'],10
3023,['Aisha Patel'],2
42,['Vikram Mukherjee'],2
3067,['Sneha Mukherjee'],2
115,['Aditi Agarwal'],2
2276,['Pooja Singh'],11
14,['Siddharth Singh'],2
3618,['Yash Kapoor'],2
896,['Priya Deshmukh'],14
1635,['Sanya Khan'],9
6,['Sagar Patel'],2
235,['Rajat Agarwal'],6
3689,['Pooja Joshi'],2
111,['Jahnvi Sharma'],2
3682,['Meera Patel'],2
3766,['Sanya Banerjee'],2
1547,['Varun Mehta'],9
765,['Riya Patel'],3
1845,['Aman Verma'],13
2071,['Aditi Khan'],0
1732,['Zoya Singh'],13
7,['Kabir Deshmukh'],2
46,['Aarav Patel'],2
92,['Varun Singh'],2
3739,['Diya Mehta'],2
20,['Yash Bose'],2
8,['Neha Mehta'],2
427,['Aditi Iyer'],6
3166,['Vikram Mehta'],2
3603,['Ira Kapoor'],5
1296,['Vikram Nair'],15
2449,['Rajat Nair'],12
60,['Ira Chatterjee'],2
1280,['Nisha Mehta'],15
9,['Kabir Reddy'],2
117,['Sagar Bhat'],2
1408,['Neha Gupta'],7
3626,['Ananya Khan'],6
3008,['Aakash Agarwal'],5
103,['Siddharth Kapoor'],2
3175,['Dev Singh'],2
3207,['Aarav Verma'],2
789,['Mira Verma'],3
3245,['Naveen Mehta'],2
29,['Rahul Bose'],2
72,['Naveen Patel'],2
787,['Tanvi Iyer'],3
11,['Neha Gupta'],2
1761,['Siddharth Reddy'],13
1752,['Riya Verma'],13
1345,['Rohit Reddy'],15
1932,['Harsh Gupta'],10
12,['Ankit Sharma'],2
3787,['Rohan Patel'],2
1691,['Vikram Iyer'],9
3863,['Aman Joshi'],2
13,['Rajat Deshmukh'],2
3081,['Aditi Sharma'],2
45,['Sagar Mehta'],2
2883,['Priya Khan'],4
502,['Zoya Banerjee'],1
1450,['Tanvi Mehta'],7
2648,['Neha Deshmukh'],4
1701,['Diya Singh'],9
1015,['Ishita Gowda'],8
1747,['Riya Kapoor'],13
3717,['Arjun Nair'],2
2649,['Neha Joshi'],4
35,['Rohan Reddy'],2
15,['Arjun Kapoor'],2
2412,['Ankit Agarwal'],11
2930,['Ananya Nair'],2
102,['Aarav Singh'],2
1705,['Ira Sharma'],9
1944,['Kabir Iyer'],10
419,['Rajat Sharma'],6
16,['Rajat Chatterjee'],2
2823,['Sagar Mukherjee'],4
3496,['Varun Joshi'],2
3984,['Meera Chatterjee'],2
1634,['Priya Mukherjee'],9
1130,['Tanvi Banerjee'],8
17,['Aisha Patel'],2
3243,['Dev Khan'],2
2498,['Sneha Agarwal'],12
584,['Kabir Sharma'],1
1575,['Priya Patel'],9
1681,['Harsh Reddy'],9
18,['Yash Kapoor'],2
2012,['Ira Banerjee'],0
2903,['Priya Khan'],2
2486,['Rajat Verma'],12
2401,['Vikram Banerjee'],11
3371,['Aman Banerjee'],2
849,['Ananya Chatterjee'],14
319,['Ankit Deshmukh'],6
1433,['Varun Banerjee'],7
773,['Jahnvi Banerjee'],3
1252,['Ishita Deshmukh'],15
3283,['Aarohi Bhat'],2
1559,['Ishita Verma'],9
2916,['Ira Patel'],2
2613,['Sneha Gowda'],4
2256,['Rahul Banerjee'],11
66,['Rohan Iyer'],2
1275,['Sneha Sharma'],15
1766,['Aditi Joshi'],13
21,['Diya Banerjee'],2
2118,['Mira Nair'],0
3355,['Priya Mukherjee'],6
3835,['Tanvi Banerjee'],3
1346,['Ishita Deshmukh'],15
22,['Mira Mukherjee'],2
3231,['Nikhil Mukherjee'],5
3455,['Harsh Singh'],3
2750,['Zoya Iyer'],4
23,['Meera Reddy'],2
1371,['Rajat Kapoor'],7
1646,['Rohit Sharma'],9
3944,['Riya Sharma'],5
2062,['Dev Mukherjee'],0
24,['Sneha Mehta'],2
3980,['Jahnvi Khan'],2
1878,['Aarohi Verma'],10
2728,['Aman Singh'],2
2994,['Naveen Sharma'],2
3836,['Meera Patel'],2
1257,['Aakash Sharma'],15
2337,['Riya Bose'],11
3856,['Rajat Mehta'],2
2664,['Vikram Iyer'],4
39,['Jahnvi Reddy'],2
1576,['Siddharth Gowda'],9
3380,['Mira Singh'],2
2791,['Aditi Kapoor'],4
2001,['Pooja Iyer'],0
364,['Naveen Gowda'],6
3408,['Rahul Agarwal'],5
27,['Neha Gupta'],2
2088,['Aakash Kapoor'],0
48,['Zoya Kapoor'],2
2689,['Zoya Chatterjee'],4
28,['Ananya Chatterjee'],2
1059,['Ishita Nair'],8
2616,['Nisha Mehta'],4
1942,['Aakash Bhat'],10
3112,['Aman Mukherjee'],2
83,['Naveen Joshi'],2
1099,['Aakash Gowda'],8
1482,['Vikram Agarwal'],7
30,['Riya Gupta'],2
3244,['Ira Mehta'],6
2822,['Pooja Singh'],4
1805,['Pooja Bose'],13
1328,['Zoya Singh'],15
32,['Aman Gupta'],2
3741,['Priya Patel'],2
132,['Ananya Deshmukh'],5
426,['Zoya Reddy'],6
124,['Neha Patel'],5
73,['Diya Chatterjee'],2
2660,['Aarav Joshi'],4
1861,['Dev Banerjee'],10
34,['Aarohi Mehta'],2
1237,['Dev Khan'],15
162,['Ishita Mukherjee'],5
2953,['Yash Mukherjee'],5
2592,['Siddharth Mehta'],4
1077,['Ishita Mehta'],8
3011,['Rohan Bhat'],2
673,['Rajat Gupta'],3
2869,['Aarav Nair'],4
222,['Nisha Mukherjee'],5
3250,['Riya Reddy'],2
3289,['Sagar Patel'],2
3636,['Ananya Singh'],1
208,['Rohan Reddy'],5
1686,['Nikhil Iyer'],9
1110,['Rajat Bhat'],8
36,['Aisha Reddy'],2
612,['Aarav Mehta'],1
2393,['Sneha Verma'],11
2431,['Ira Patel'],12
37,['Nisha Banerjee'],2
1355,['Jahnvi Banerjee'],7
1721,['Pooja Joshi'],13
3765,['Sneha Sharma'],1
1459,['Kabir Banerjee'],7
77,['Diya Bhat'],2
992,['Neha Verma'],8
805,['Aarohi Deshmukh'],3
38,['Nikhil Singh'],2
1030,['Aarav Joshi'],8
1436,['Aisha Chatterjee'],7
147,['Mira Joshi'],5
974,['Aman Khan'],8
1435,['Ira Khan'],7
1442,['Priya Chatterjee'],7
3661,['Siddharth Verma'],2
1539,['Aarav Banerjee'],9
3396,['Zoya Joshi'],2
340,['Sanya Singh'],6
2417,['Sagar Nair'],12
3182,['Kabir Bose'],2
3560,['Aman Bhat'],15
136,['Zoya Reddy'],5
1181,['Ananya Agarwal'],8
574,['Kunal Iyer'],1
2609,['Harsh Kapoor'],4
2871,['Neha Nair'],4
2077,['Priya Mukherjee'],0
1551,['Dev Gupta'],9
1914,['Meera Deshmukh'],10
624,['Rajat Patel'],3
348,['Ananya Agarwal'],6
3114,['Mira Reddy'],2
3774,['Aisha Patel'],5
2787,['Diya Khan'],4
3884,['Zoya Reddy'],5
360,['Sneha Deshmukh'],6
3149,['Aarohi Banerjee'],2
767,['Sneha Chatterjee'],3
43,['Sanya Bhat'],2
3099,['Jahnvi Banerjee'],2
1159,['Nisha Bhat'],8
784,['Meera Reddy'],3
3654,['Zoya Gowda'],1
3844,['Dev Verma'],5
44,['Jahnvi Kapoor'],2
918,['Ira Bhat'],14
3433,['Pooja Mehta'],2
1780,['Priya Sharma'],13
3194,['Kunal Mehta'],5
3782,['Ishita Sharma'],2
2799,['Naveen Gowda'],4
3937,['Nisha Singh'],2
228,['Naveen Singh'],5
192,['Ishita Iyer'],5
2167,['Aman Sharma'],0
2770,['Varun Banerjee'],4
3436,['Aisha Nair'],2
98,['Harsh Sharma'],2
3808,['Nisha Mukherjee'],2
2148,['Varun Banerjee'],0
3088,['Aarohi Gowda'],6
2680,['Nikhil Bose'],4
2281,['Siddharth Kapoor'],11
49,['Kavya Iyer'],2
1420,['Zoya Khan'],7
1186,['Rohit Verma'],8
1247,['Kunal Bhat'],15
1522,['Rohit Patel'],7
557,['Diya Reddy'],1
347,['Aisha Joshi'],6
3143,['Sagar Verma'],2
2573,['Pooja Kapoor'],12
1473,['Vikram Verma'],7
50,['Rajat Kapoor'],2
2199,['Siddharth Joshi'],11
1840,['Rajat Gupta'],13
2927,['Rohit Nair'],2
971,['Aman Reddy'],14
1966,['Nikhil Verma'],10
2720,['Kunal Nair'],4
3845,['Ananya Agarwal'],2
886,['Aisha Khan'],14
1498,['Aakash Bhat'],7
3475,['Varun Joshi'],2
1630,['Kabir Bose'],9
53,['Aisha Gowda'],2
487,['Ananya Iyer'],1
2315,['Pooja Khan'],11
1796,['Dev Mehta'],13
856,['Ankit Gupta'],14
3312,['Sanya Bhat'],2
902,['Meera Agarwal'],14
2849,['Sanya Agarwal'],4
55,['Harsh Mukherjee'],2
753,['Nisha Verma'],3
2398,['Meera Sharma'],11
444,['Rohan Gowda'],1
759,['Rohan Khan'],3
1790,['Aditi Mehta'],13
2582,['Sagar Chatterjee'],12
1201,['Rohan Chatterjee'],15
2328,['Rohan Gowda'],11
3249,['Aman Gowda'],2
57,['Vikram Chatterjee'],2
2661,['Naveen Gowda'],4
3200,['Ishita Bhat'],2
1049,['Nikhil Nair'],8
490,['Rajat Verma'],1
3379,['Vikram Khan'],5
3486,['Varun Deshmukh'],2
2729,['Ira Bhat'],4
1071,['Sneha Mukherjee'],8
771,['Kabir Reddy'],3
2800,['Sanya Mukherjee'],4
1574,['Sanya Bhat'],9
61,['Rahul Banerjee'],2
2986,['Sagar Mukherjee'],2
3691,['Aditi Banerjee'],6
3280,['Tanvi Patel'],3
1376,['Kavya Patel'],7
62,['Sanya Nair'],2
3132,['Siddharth Reddy'],6
3305,['Rahul Reddy'],2
1769,['Aman Deshmukh'],13
63,['Ananya Deshmukh'],2
174,['Rohan Khan'],5
657,['Rajat Mehta'],3
1293,['Kunal Singh'],15
2764,['Neha Reddy'],4
64,['Nisha Singh'],2
2963,['Dev Bose'],2
2785,['Aman Deshmukh'],4
1939,['Naveen Khan'],10
1055,['Aakash Patel'],8
191,['Riya Joshi'],5
1958,['Rajat Bose'],10
2523,['Ankit Mehta'],12
1172,['Riya Joshi'],8
3727,['Ishita Kapoor'],2
1886,['Nisha Khan'],10
67,['Harsh Singh'],2
1982,['Kunal Gowda'],10
2432,['Siddharth Kapoor'],12
619,['Varun Reddy'],3
2807,['Aisha Nair'],4
923,['Diya Mehta'],14
3776,['Zoya Chatterjee'],13
848,['Aman Verma'],14
69,['Rahul Deshmukh'],2
2552,['Dev Gupta'],12
1114,['Rohan Khan'],8
1801,['Vikram Nair'],13
3911,['Vikram Patel'],2
71,['Aarav Deshmukh'],2
1723,['Aditi Patel'],13
3079,['Aarav Sharma'],5
3342,['Neha Chatterjee'],2
2092,['Aisha Gowda'],0
3310,['Ankit Patel'],14
3593,['Aisha Gupta'],2
1736,['Diya Reddy'],13
2382,['Aarav Reddy'],11
169,['Sneha Sharma'],5
2450,['Siddharth Agarwal'],12
2483,['Nikhil Joshi'],12
3795,['Kavya Iyer'],2
74,['Rajat Singh'],2
1431,['Arjun Reddy'],7
1443,['Ira Patel'],7
696,['Kabir Bose'],3
504,['Ananya Bose'],1
3460,['Rajat Joshi'],5
2427,['Sneha Patel'],12
75,['Nikhil Mehta'],2
2349,['Aditi Gowda'],11
2730,['Ananya Mukherjee'],4
1145,['Rahul Iyer'],8
3837,['Rahul Bose'],5
3599,['Sanya Mehta'],5
2426,['Neha Mehta'],12
1340,['Sagar Iyer'],15
2301,['Zoya Banerjee'],11
764,['Ankit Mehta'],3
78,['Aditi Kapoor'],2
2297,['Zoya Patel'],11
2060,['Yash Banerjee'],0
316,['Nisha Bose'],6
2767,['Riya Iyer'],4
3286,['Sneha Patel'],2
79,['Tanvi Bose'],2
1254,['Aman Gupta'],15
1626,['Aisha Gupta'],9
2007,['Ira Iyer'],0
2673,['Yash Bhat'],4
949,['Yash Bose'],14
2074,['Jahnvi Mukherjee'],0
1368,['Pooja Verma'],7
82,['Yash Verma'],2
1202,['Meera Mehta'],15
3799,['Kavya Banerjee'],6
507,['Aisha Iyer'],1
1454,['Rajat Deshmukh'],7
1123,['Priya Chatterjee'],8
3125,['Rajat Chatterjee'],5
3988,['Arjun Iyer'],5
84,['Varun Chatterjee'],2
2096,['Ananya Sharma'],0
1424,['Vikram Khan'],7
2416,['Rajat Nair'],11
3454,['Neha Mehta'],2
206,['Yash Singh'],5
1671,['Rajat Agarwal'],9
3889,['Kabir Nair'],5
1270,['Jahnvi Nair'],15
2197,['Zoya Deshmukh'],11
87,['Yash Banerjee'],2
1384,['Neha Kapoor'],7
3171,['Aarohi Gowda'],2
88,['Pooja Gupta'],2
1819,['Mira Joshi'],13
675,['Aarav Reddy'],3
353,['Diya Verma'],6
2456,['Harsh Bhat'],12
89,['Pooja Kapoor'],2
3046,['Ananya Bose'],6
90,['Priya Iyer'],2
3885,['Nikhil Agarwal'],2
1090,['Riya Iyer'],8
1594,['Dev Deshmukh'],9
553,['Naveen Chatterjee'],1
461,['Sagar Chatterjee'],1
3152,['Riya Bhat'],5
93,['Priya Mehta'],2
1351,['Pooja Mukherjee'],7
94,['Aman Mehta'],2
1048,['Riya Kapoor'],8
3139,['Rahul Deshmukh'],2
724,['Aarohi Patel'],3
96,['Kabir Mukherjee'],2
3925,['Ananya Agarwal'],2
3676,['Ishita Agarwal'],2
3287,['Ananya Verma'],8
2704,['Rohit Nair'],4
97,['Sagar Patel'],2
665,['Sanya Mukherjee'],3
1910,['Aditi Agarwal'],10
3610,['Mira Singh'],5
1835,['Aarohi Kapoor'],13
531,['Harsh Sharma'],1
2557,['Aman Bose'],12
2846,['Aarav Banerjee'],4
99,['Kunal Bose'],2
1341,['Aarav Bose'],15
878,['Dev Singh'],14
3240,['Ishita Gupta'],5
100,['Ira Deshmukh'],2
2638,['Sagar Joshi'],4
3074,['Tanvi Agarwal'],13
582,['Neha Singh'],1
101,['Rajat Mukherjee'],2
2790,['Aisha Patel'],4
2002,['Kavya Mukherjee'],0
1214,['Ira Sharma'],15
2305,['Zoya Singh'],11
510,['Rohan Deshmukh'],1
3445,['Jahnvi Singh'],5
1631,['Rohan Joshi'],9
283,['Vikram Kapoor'],6
2811,['Nisha Iyer'],4
2866,['Nisha Bhat'],4
3709,['Aisha Gupta'],2
658,['Jahnvi Nair'],3
2533,['Siddharth Gupta'],12
324,['Kavya Reddy'],6
104,['Ankit Joshi'],2
105,['Varun Agarwal'],2
2009,['Kavya Nair'],0
3535,['Ankit Kapoor'],2
2697,['Aakash Kapoor'],4
107,['Ankit Sharma'],2
3745,['Aarav Mehta'],2
2685,['Diya Nair'],4
1704,['Ira Iyer'],9
1645,['Ananya Bhat'],9
143,['Neha Joshi'],5
2911,['Ankit Singh'],2
3030,['Jahnvi Mukherjee'],5
109,['Ishita Verma'],2
2540,['Dev Bose'],12
915,['Harsh Gowda'],14
1131,['Aarav Bose'],8
1904,['Riya Bhat'],10
110,['Varun Bose'],2
2115,['Aditi Bose'],0
2966,['Varun Gowda'],5
387,['Naveen Mukherjee'],6
1146,['Aarohi Nair'],8
336,['Riya Nair'],6
3072,['Aisha Chatterjee'],5
1783,['Yash Deshmukh'],13
112,['Vikram Bhat'],2
783,['Aakash Iyer'],3
1502,['Aditi Bhat'],7
2595,['Vikram Iyer'],4
273,['Arjun Khan'],6
1834,['Kunal Chatterjee'],13
3218,['Yash Mukherjee'],5
1248,['Nisha Khan'],15
3882,['Vikram Patel'],5
3588,['Aditi Joshi'],2
118,['Dev Deshmukh'],2
518,['Vikram Mehta'],1
2138,['Riya Nair'],0
119,['Varun Nair'],2
2570,['Diya Bose'],12
3093,['Kabir Mehta'],5
120,['Siddharth Chatterjee'],2
2749,['Sanya Bhat'],4
2042,['Ananya Deshmukh'],0
1960,['Aarohi Agarwal'],10
214,['Nikhil Khan'],5
121,['Aisha Joshi'],2
2358,['Riya Patel'],11
122,['Dev Bhat'],5
224,['Ishita Mukherjee'],5
125,['Rajat Deshmukh'],5
152,['Dev Gowda'],5
126,['Meera Verma'],5
179,['Ira Verma'],5
3680,['Rahul Singh'],5
189,['Nisha Kapoor'],5
3951,['Aakash Reddy'],6
123,['Ira Banerjee'],5
3883,['Rahul Singh'],5
223,['Kunal Mukherjee'],5
137,['Nisha Patel'],5
2342,['Riya Iyer'],11
170,['Aakash Bhat'],5
3257,['Ananya Sharma'],5
199,['Aditi Chatterjee'],5
171,['Kabir Reddy'],5
2756,['Varun Gupta'],4
2843,['Aarohi Chatterjee'],4
153,['Kavya Sharma'],5
128,['Kabir Gowda'],5
172,['Priya Sharma'],5
226,['Kabir Deshmukh'],5
196,['Zoya Singh'],5
2513,['Riya Gupta'],12
160,['Siddharth Khan'],5
3537,['Diya Nair'],5
411,['Aisha Bhat'],6
3498,['Kunal Reddy'],6
337,['Aarohi Kapoor'],6
127,['Aditi Sharma'],5
186,['Kunal Chatterjee'],5
1772,['Riya Gupta'],13
481,['Jahnvi Deshmukh'],1
2367,['Rahul Khan'],11
139,['Rahul Banerjee'],5
2877,['Meera Singh'],4
2503,['Varun Verma'],12
204,['Aarav Gowda'],5
3834,['Dev Khan'],5
3976,['Ananya Bose'],5
735,['Aarav Joshi'],3
3020,['Aakash Verma'],5
129,['Rohan Sharma'],5
197,['Aarohi Banerjee'],5
2904,['Siddharth Gupta'],5
2019,['Sagar Joshi'],0
3502,['Rohan Mukherjee'],5
155,['Aditi Gupta'],5
2853,['Diya Sharma'],4
1713,['Kabir Mehta'],13
130,['Aakash Verma'],5
1175,['Rajat Mukherjee'],8
2964,['Rohit Nair'],5
613,['Aisha Bhat'],1
3368,['Vikram Banerjee'],6
131,['Sneha Agarwal'],5
641,['Meera Verma'],3
159,['Nikhil Mukherjee'],5
175,['Dev Verma'],5
887,['Riya Singh'],14
133,['Nisha Iyer'],5
180,['Rajat Sharma'],5
134,['Ananya Verma'],5
135,['Aakash Mehta'],5
146,['Jahnvi Nair'],5
3472,['Vikram Joshi'],6
342,['Tanvi Banerjee'],6
2583,['Diya Bose'],12
1233,['Ankit Banerjee'],15
2909,['Priya Khan'],5
138,['Rahul Joshi'],5
161,['Aditi Verma'],5
2893,['Diya Reddy'],4
425,['Riya Singh'],6
3298,['Sanya Mehta'],5
2108,['Jahnvi Singh'],0
151,['Ananya Mukherjee'],5
176,['Siddharth Bhat'],5
1115,['Riya Banerjee'],8
150,['Meera Sharma'],5
140,['Naveen Singh'],5
2114,['Meera Reddy'],0
2511,['Rajat Mehta'],12
141,['Sanya Bhat'],5
3762,['Harsh Sharma'],5
1390,['Vikram Banerjee'],7
1357,['Arjun Patel'],7
2813,['Riya Khan'],4
142,['Harsh Bose'],5
1319,['Diya Mukherjee'],15
752,['Dev Reddy'],3
440,['Kabir Chatterjee'],1
1034,['Nikhil Chatterjee'],8
2213,['Priya Reddy'],11
144,['Rohit Chatterjee'],5
1367,['Vikram Kapoor'],7
2080,['Ananya Patel'],0
145,['Yash Sharma'],5
2462,['Sneha Mehta'],12
3862,['Kavya Bose'],1
770,['Jahnvi Kapoor'],3
3849,['Harsh Agarwal'],5
1444,['Nisha Joshi'],7
1852,['Tanvi Verma'],10
148,['Mira Gowda'],5
3369,['Diya Banerjee'],5
2671,['Sagar Banerjee'],4
630,['Rahul Banerjee'],3
149,['Aarohi Banerjee'],5
3504,['Nikhil Gupta'],5
1132,['Kunal Deshmukh'],8
3347,['Rohit Bose'],14
1933,['Neha Deshmukh'],10
1088,['Ananya Joshi'],8
1405,['Priya Bhat'],7
3290,['Priya Patel'],5
2714,['Diya Singh'],4
1086,['Naveen Gupta'],8
3938,['Siddharth Bhat'],5
2036,['Ankit Sharma'],0
1668,['Riya Agarwal'],9
231,['Ananya Khan'],5
3083,['Siddharth Chatterjee'],5
154,['Pooja Mukherjee'],5
3642,['Varun Gowda'],5
947,['Diya Deshmukh'],14
2253,['Tanvi Bose'],11
211,['Tanvi Bhat'],5
156,['Aarohi Singh'],5
1321,['Nisha Patel'],15
2290,['Aisha Nair'],11
408,['Ishita Mukherjee'],6
157,['Nikhil Chatterjee'],5
2282,['Nikhil Mehta'],11
2588,['Aisha Mehta'],4
3583,['Siddharth Patel'],5
2413,['Neha Sharma'],11
158,['Sagar Mehta'],5
2691,['Aisha Verma'],4
3439,['Mira Agarwal'],5
2200,['Aakash Patel'],11
1042,['Kabir Deshmukh'],8
163,['Rohan Mehta'],5
3912,['Jahnvi Singh'],13
164,['Meera Verma'],5
1941,['Rohit Patel'],10
248,['Riya Singh'],6
1552,['Yash Agarwal'],9
165,['Harsh Mehta'],5
2302,['Nikhil Nair'],11
166,['Rahul Banerjee'],5
167,['Jahnvi Deshmukh'],5
168,['Naveen Mehta'],5
3208,['Ananya Gupta'],5
3434,['Kunal Mehta'],5
1734,['Nisha Bose'],13
1598,['Aakash Banerjee'],9
825,['Sagar Singh'],14
2376,['Aisha Bose'],11
3950,['Ishita Joshi'],5
173,['Aditi Verma'],5
344,['Meera Deshmukh'],6
768,['Priya Iyer'],3
2165,['Meera Sharma'],0
3338,['Harsh Iyer'],5
1117,['Kavya Bose'],8
628,['Diya Iyer'],3
177,['Ankit Mehta'],5
2526,['Rajat Verma'],12
178,['Ishita Patel'],5
2581,['Naveen Gowda'],12
788,['Aakash Iyer'],3
1139,['Dev Mukherjee'],8
1460,['Aman Singh'],7
2794,['Sneha Reddy'],4
181,['Siddharth Bose'],5
182,['Arjun Verma'],5
1329,['Sagar Bose'],15
2139,['Ananya Singh'],0
2168,['Ishita Bose'],0
183,['Rahul Agarwal'],5
184,['Ananya Agarwal'],5
2701,['Aman Iyer'],4
185,['Kabir Nair'],5
3061,['Aman Gowda'],5
187,['Ira Singh'],5
3082,['Meera Verma'],5
760,['Pooja Reddy'],3
3336,['Naveen Patel'],5
1176,['Ananya Gupta'],8
3361,['Zoya Singh'],3
188,['Rohit Deshmukh'],5
1290,['Riya Verma'],15
1608,['Varun Patel'],9
1731,['Priya Sharma'],13
2562,['Nikhil Khan'],12
190,['Arjun Deshmukh'],5
385,['Vikram Reddy'],6
193,['Aarav Chatterjee'],5
1342,['Mira Mukherjee'],15
194,['Aarav Chatterjee'],5
603,['Varun Chatterjee'],1
927,['Neha Gupta'],14
195,['Kabir Gupta'],5
2896,['Sagar Khan'],4
2334,['Kabir Reddy'],11
499,['Rahul Gupta'],1
930,['Ishita Gowda'],14
198,['Kavya Gowda'],5
676,['Aditi Reddy'],3
1399,['Aditi Bhat'],7
3853,['Rahul Mukherjee'],5
2214,['Vikram Agarwal'],11
200,['Kabir Patel'],5
1905,['Kavya Mukherjee'],10
1008,['Aisha Gupta'],8
201,['Nisha Sharma'],5
3487,['Zoya Bose'],5
2892,['Naveen Iyer'],4
351,['Aarav Banerjee'],6
202,['Sneha Verma'],5
1472,['Vikram Bhat'],7
203,['Tanvi Reddy'],5
3343,['Kabir Joshi'],13
205,['Ira Khan'],5
2568,['Sneha Bose'],12
358,['Varun Nair'],6
1683,['Pooja Deshmukh'],9
207,['Ira Agarwal'],5
2409,['Siddharth Reddy'],11
3659,['Rohit Chatterjee'],5
3579,['Meera Agarwal'],5
622,['Zoya Deshmukh'],3
209,['Neha Banerjee'],5
1025,['Ishita Singh'],8
1625,['Sanya Bose'],9
210,['Aarohi Sharma'],5
684,['Aarav Reddy'],3
775,['Naveen Khan'],3
2056,['Arjun Verma'],0
3078,['Nikhil Agarwal'],5
2943,['Sagar Sharma'],5
3539,['Kabir Verma'],5
1193,['Harsh Sharma'],15
1832,['Rahul Singh'],13
212,['Rohit Singh'],5
990,['Rahul Sharma'],8
213,['Jahnvi Gupta'],5
1322,['Rohan Mehta'],15
216,['Rahul Mukherjee'],5
659,['Tanvi Singh'],3
1831,['Rohit Mukherjee'],13
827,['Zoya Patel'],14
217,['Ananya Gupta'],5
1447,['Ishita Deshmukh'],7
1714,['Ishita Bhat'],13
3084,['Naveen Kapoor'],5
592,['Arjun Gowda'],1
218,['Rahul Patel'],5
1825,['Aarohi Deshmukh'],13
219,['Aakash Khan'],5
2113,['Jahnvi Agarwal'],0
3548,['Tanvi Kapoor'],5
2669,['Naveen Kapoor'],4
220,['Pooja Reddy'],5
2596,['Aarohi Mehta'],4
221,['Zoya Khan'],5
1463,['Aman Bose'],7
2257,['Aditi Singh'],11
2015,['Tanvi Joshi'],0
1305,['Pooja Banerjee'],15
3184,['Aisha Kapoor'],5
672,['Varun Iyer'],3
3301,['Aman Bose'],5
225,['Kunal Mehta'],5
1393,['Diya Kapoor'],7
3677,['Riya Bose'],5
2724,['Tanvi Deshmukh'],4
3601,['Sanya Singh'],5
227,['Neha Gowda'],5
2551,['Aisha Nair'],12
229,['Pooja Verma'],5
439,['Zoya Agarwal'],1
829,['Ankit Nair'],14
230,['Rajat Deshmukh'],5
1069,['Rohan Mehta'],8
3005,['Vikram Kapoor'],5
2037,['Nisha Mehta'],0
232,['Neha Iyer'],5
725,['Aarohi Deshmukh'],3
233,['Sanya Singh'],6
341,['Rohit Agarwal'],6
399,['Aisha Mukherjee'],6
357,['Aman Nair'],6
595,['Kavya Mukherjee'],1
246,['Rahul Nair'],6
307,['Sneha Chatterjee'],6
397,['Aman Gupta'],6
1121,['Siddharth Reddy'],8
398,['Meera Bose'],6
249,['Ankit Kapoor'],6
350,['Kavya Gupta'],6
245,['Dev Chatterjee'],6
234,['Harsh Khan'],6
372,['Tanvi Bose'],6
287,['Nisha Kapoor'],6
432,['Zoya Iyer'],6
375,['Dev Singh'],6
289,['Varun Khan'],6
317,['Vikram Mehta'],6
2032,['Aisha Kapoor'],0
3410,['Jahnvi Bhat'],6
300,['Pooja Nair'],6
274,['Aakash Patel'],6
236,['Arjun Khan'],6
396,['Kunal Joshi'],6
1665,['Pooja Patel'],9
2988,['Kavya Joshi'],6
244,['Diya Singh'],6
1002,['Zoya Bose'],8
237,['Tanvi Chatterjee'],6
346,['Jahnvi Reddy'],6
309,['Kavya Bose'],6
2679,['Riya Joshi'],4
2836,['Pooja Verma'],4
291,['Mira Chatterjee'],6
2265,['Kunal Agarwal'],11
2090,['Ira Nair'],0
238,['Ankit Kapoor'],6
327,['Aakash Sharma'],6
400,['Rohit Kapoor'],6
323,['Kabir Banerjee'],6
329,['Naveen Joshi'],6
239,['Rohit Khan'],6
2209,['Aakash Mukherjee'],11
421,['Kunal Gowda'],6
1031,['Mira Kapoor'],8
392,['Aditi Gowda'],6
240,['Sneha Agarwal'],6
243,['Aisha Bhat'],6
422,['Ananya Joshi'],6
241,['Pooja Bose'],6
1217,['Yash Gowda'],15
393,['Aarav Sharma'],6
3568,['Vikram Joshi'],6
377,['Naveen Kapoor'],6
242,['Kabir Joshi'],6
315,['Priya Khan'],6
331,['Rajat Mehta'],6
255,['Ira Singh'],6
533,['Sanya Gowda'],1
3235,['Neha Verma'],1
265,['Kunal Joshi'],6
3519,['Harsh Verma'],6
2246,['Pooja Bose'],11
434,['Aditi Patel'],6
428,['Priya Singh'],6
354,['Rajat Mehta'],6
3492,['Aisha Patel'],6
247,['Sagar Banerjee'],6
2085,['Pooja Singh'],0
368,['Jahnvi Mukherjee'],6
941,['Yash Khan'],14
1959,['Diya Agarwal'],10
1350,['Nikhil Gupta'],7
3916,['Harsh Singh'],10
250,['Ishita Sharma'],6
269,['Aisha Verma'],6
1001,['Aisha Agarwal'],8
2102,['Arjun Bhat'],0
275,['Aisha Joshi'],6
251,['Ira Joshi'],6
3170,['Arjun Mukherjee'],6
252,['Yash Singh'],6
2972,['Sagar Nair'],6
3137,['Sneha Patel'],14
1830,['Ankit Nair'],13
2569,['Siddharth Reddy'],12
253,['Mira Reddy'],6
254,['Ishita Reddy'],6
256,['Naveen Mehta'],6
1063,['Riya Iyer'],8
257,['Ira Iyer'],6
1873,['Ishita Mukherjee'],10
1596,['Aditi Patel'],9
311,['Aarav Bhat'],6
2147,['Pooja Gupta'],0
3612,['Ira Kapoor'],6
258,['Kunal Iyer'],6
281,['Yash Iyer'],6
402,['Meera Singh'],6
259,['Sneha Verma'],6
1544,['Naveen Bose'],9
260,['Dev Mukherjee'],6
1883,['Aarav Deshmukh'],10
261,['Aakash Kapoor'],6
262,['Arjun Agarwal'],6
1316,['Riya Gupta'],15
933,['Mira Bhat'],14
263,['Tanvi Patel'],6
2040,['Vikram Iyer'],0
264,['Jahnvi Khan'],6
2482,['Aman Reddy'],12
384,['Ananya Sharma'],6
362,['Riya Iyer'],6
266,['Aarav Iyer'],6
3359,['Kunal Singh'],6
3571,['Neha Kapoor'],14
267,['Nikhil Bose'],6
378,['Varun Sharma'],6
268,['Kavya Gowda'],6
1821,['Meera Kapoor'],13
270,['Sagar Kapoor'],6
3443,['Jahnvi Reddy'],15
271,['Nisha Bose'],6
406,['Diya Khan'],6
272,['Sanya Singh'],6
2821,['Naveen Sharma'],4
420,['Kavya Singh'],6
702,['Rahul Bose'],3
276,['Diya Verma'],6
277,['Kunal Iyer'],6
278,['Ira Sharma'],6
2602,['Kunal Patel'],4
1810,['Sagar Patel'],13
279,['Harsh Nair'],6
280,['Rohan Nair'],6
1841,['Siddharth Nair'],13
3556,['Zoya Reddy'],6
2436,['Aisha Singh'],12
951,['Zoya Chatterjee'],14
1268,['Kabir Kapoor'],15
381,['Ankit Mehta'],6
282,['Rohit Gupta'],6
521,['Rohit Bhat'],1
284,['Kunal Joshi'],6
285,['Varun Mehta'],6
286,['Nikhil Iyer'],6
288,['Ishita Bose'],6
2433,['Aisha Mukherjee'],12
290,['Sanya Joshi'],6
1638,['Kabir Banerjee'],9
3936,['Zoya Gupta'],6
1470,['Yash Bose'],7
292,['Nikhil Verma'],6
293,['Harsh Nair'],6
294,['Nikhil Singh'],6
295,['Aakash Gowda'],6
296,['Pooja Bhat'],6
3278,['Aarav Banerjee'],6
3949,['Rahul Reddy'],6
297,['Sanya Deshmukh'],6
1765,['Meera Banerjee'],13
298,['Rahul Chatterjee'],6
2905,['Rahul Bhat'],6
299,['Aarav Gupta'],6
820,['Rajat Mehta'],14
301,['Aarav Iyer'],6
302,['Ananya Mehta'],6
2357,['Neha Nair'],11
303,['Ankit Banerjee'],6
2635,['Meera Iyer'],4
2629,['Neha Verma'],4
304,['Harsh Gupta'],6
3232,['Ananya Gupta'],6
2216,['Aakash Joshi'],11
305,['Diya Joshi'],6
3952,['Sagar Joshi'],3
306,['Pooja Patel'],6
2033,['Yash Khan'],0
308,['Nisha Deshmukh'],6
3457,['Zoya Singh'],6
795,['Diya Agarwal'],3
694,['Harsh Chatterjee'],3
310,['Yash Deshmukh'],6
2705,['Kabir Agarwal'],4
312,['Varun Bhat'],6
313,['Rajat Joshi'],6
2762,['Meera Verma'],4
1929,['Neha Iyer'],10
314,['Ankit Sharma'],6
3914,['Meera Kapoor'],6
318,['Sneha Deshmukh'],6
320,['Yash Agarwal'],6
1827,['Varun Joshi'],13
872,['Yash Khan'],14
321,['Tanvi Chatterjee'],6
322,['Zoya Khan'],6
3427,['Sneha Deshmukh'],9
2932,['Vikram Verma'],15
563,['Kunal Kapoor'],1
325,['Mira Gowda'],6
326,['Priya Gowda'],6
3394,['Aditi Bhat'],6
3236,['Pooja Khan'],0
1743,['Nikhil Bose'],13
328,['Aisha Mukherjee'],6
2644,['Aisha Mukherjee'],4
3265,['Kabir Sharma'],6
3550,['Mira Banerjee'],15
330,['Ananya Reddy'],6
2131,['Neha Reddy'],0
3019,['Diya Gupta'],6
1006,['Aditi Reddy'],8
332,['Kabir Nair'],6
3366,['Kunal Khan'],6
333,['Rahul Gupta'],6
334,['Nikhil Banerjee'],6
335,['Rahul Sharma'],6
338,['Jahnvi Nair'],6
3362,['Neha Kapoor'],6
339,['Rohan Nair'],6
2212,['Aarohi Bhat'],11
3039,['Kavya Gowda'],3
2187,['Aarav Chatterjee'],0
755,['Priya Gowda'],3
900,['Rohan Sharma'],14
343,['Mira Gupta'],6
3209,['Aakash Gupta'],6
862,['Nikhil Gowda'],14
345,['Meera Mukherjee'],6
938,['Riya Kapoor'],14
2833,['Yash Gupta'],4
349,['Aman Gowda'],6
2018,['Aisha Patel'],0
352,['Aarav Singh'],6
466,['Mira Mukherjee'],1
3354,['Rohit Agarwal'],8
355,['Jahnvi Joshi'],6
1711,['Jahnvi Bhat'],13
2645,['Aakash Bhat'],4
356,['Vikram Bose'],6
3344,['Ishita Joshi'],6
2614,['Rohan Mukherjee'],4
359,['Ankit Banerjee'],6
361,['Tanvi Kapoor'],6
363,['Aakash Banerjee'],6
1448,['Ishita Bose'],7
365,['Vikram Agarwal'],6
1948,['Varun Iyer'],10
366,['Sanya Deshmukh'],6
1479,['Meera Mukherjee'],7
367,['Meera Bhat'],6
810,['Zoya Joshi'],3
2207,['Naveen Nair'],11
369,['Sagar Chatterjee'],6
3399,['Naveen Verma'],14
3154,['Sneha Khan'],6
370,['Tanvi Joshi'],6
371,['Siddharth Nair'],6
2084,['Zoya Iyer'],0
1697,['Meera Iyer'],9
373,['Tanvi Bose'],6
3331,['Nisha Iyer'],6
374,['Aman Singh'],6
3308,['Tanvi Bose'],6
1108,['Rahul Banerjee'],8
376,['Siddharth Mukherjee'],6
2307,['Sagar Chatterjee'],11
379,['Sneha Joshi'],6
727,['Zoya Verma'],3
380,['Jahnvi Verma'],6
2727,['Diya Patel'],4
382,['Aarav Gowda'],6
383,['Riya Gowda'],6
386,['Ishita Singh'],6
3703,['Pooja Mukherjee'],1
2233,['Rohan Khan'],11
2858,['Sanya Deshmukh'],4
388,['Aarav Joshi'],6
2240,['Diya Mehta'],11
389,['Vikram Bhat'],6
390,['Tanvi Mukherjee'],6
2510,['Naveen Sharma'],12
1232,['Pooja Bose'],15
391,['Zoya Banerjee'],6
2366,['Aarav Chatterjee'],11
394,['Ankit Iyer'],6
1874,['Ankit Iyer'],10
395,['Sneha Mehta'],6
2377,['Jahnvi Mehta'],11
1678,['Kavya Bhat'],9
782,['Mira Iyer'],3
2775,['Sanya Mukherjee'],4
2899,['Aman Mukherjee'],6
401,['Siddharth Mehta'],6
3992,['Meera Kapoor'],8
3784,['Dev Mukherjee'],15
403,['Ira Mehta'],6
404,['Vikram Patel'],6
405,['Rohit Banerjee'],6
3993,['Sagar Khan'],6
2111,['Pooja Bhat'],0
407,['Ira Mukherjee'],6
1188,['Rohit Mukherjee'],15
1943,['Mira Khan'],10
409,['Ira Verma'],6
412,['Sagar Kapoor'],6
413,['Rohit Deshmukh'],6
414,['Naveen Gowda'],6
3126,['Aarohi Gupta'],3
415,['Harsh Kapoor'],6
3887,['Nikhil Bose'],14
737,['Sanya Iyer'],3
416,['Rohan Sharma'],6
745,['Aman Bhat'],3
417,['Pooja Banerjee'],6
418,['Vikram Mukherjee'],6
1640,['Varun Banerjee'],9
2341,['Varun Chatterjee'],11
3451,['Ananya Patel'],3
522,['Rahul Nair'],1
423,['Priya Gowda'],6
3389,['Kavya Singh'],6
424,['Vikram Sharma'],6
821,['Arjun Chatterjee'],14
1952,['Sneha Agarwal'],10
2617,['Ankit Khan'],4
429,['Kabir Deshmukh'],6
2999,['Aman Khan'],1
430,['Kavya Agarwal'],6
431,['Sneha Banerjee'],6
3591,['Rahul Iyer'],15
433,['Dev Mehta'],6
1417,['Varun Joshi'],7
2937,['Siddharth Verma'],15
3852,['Zoya Kapoor'],6
946,['Vikram Nair'],14
435,['Neha Mehta'],6
2961,['Aarohi Verma'],14
436,['Meera Mukherjee'],6
3540,['Aisha Bhat'],1
437,['Dev Khan'],1
589,['Aarav Mehta'],1
1478,['Riya Iyer'],7
501,['Kavya Gupta'],1
1862,['Mira Reddy'],10
470,['Naveen Nair'],1
438,['Jahnvi Deshmukh'],1
446,['Neha Deshmukh'],1
585,['Sneha Gupta'],1
453,['Tanvi Bose'],1
530,['Kabir Mukherjee'],1
441,['Kunal Reddy'],1
561,['Kabir Mukherjee'],1
586,['Dev Bose'],1
581,['Yash Gupta'],1
538,['Meera Mukherjee'],1
467,['Ira Gupta'],1
564,['Siddharth Chatterjee'],1
868,['Rohan Gupta'],14
598,['Vikram Reddy'],1
566,['Yash Bose'],1
3648,['Tanvi Nair'],1
471,['Nisha Mehta'],1
578,['Tanvi Gowda'],1
546,['Diya Iyer'],1
442,['Siddharth Mukherjee'],1
536,['Kabir Khan'],1
443,['Sanya Bose'],1
2924,['Rahul Singh'],1
575,['Tanvi Nair'],1
445,['Pooja Chatterjee'],1
450,['Jahnvi Reddy'],1
509,['Yash Patel'],1
545,['Sagar Mukherjee'],1
532,['Varun Chatterjee'],1
480,['Kavya Bose'],1
2130,['Aman Nair'],0
579,['Aditi Iyer'],1
550,['Mira Verma'],1
447,['Kabir Singh'],1
516,['Aarav Reddy'],1
525,['Jahnvi Mukherjee'],1
528,['Kabir Iyer'],1
448,['Zoya Reddy'],1
3163,['Kavya Nair'],1
449,['Aditi Singh'],1
2184,['Pooja Patel'],0
1643,['Rajat Banerjee'],9
451,['Ishita Gupta'],1
897,['Nikhil Patel'],14
452,['Priya Agarwal'],1
549,['Vikram Verma'],1
704,['Dev Mehta'],3
573,['Sanya Deshmukh'],1
454,['Sagar Bose'],1
455,['Naveen Joshi'],1
1604,['Nisha Kapoor'],9
456,['Nikhil Bhat'],1
457,['Aisha Mukherjee'],1
1696,['Meera Mehta'],9
548,['Mira Singh'],1
458,['Harsh Mehta'],1
468,['Sagar Iyer'],1
459,['Jahnvi Reddy'],1
475,['Nisha Bose'],1
541,['Rajat Bhat'],1
460,['Rohan Kapoor'],1
813,['Jahnvi Chatterjee'],3
519,['Zoya Bose'],1
1434,['Vikram Singh'],7
2719,['Ankit Khan'],4
462,['Kabir Joshi'],1
2921,['Rahul Reddy'],1
463,['Rohan Chatterjee'],1
478,['Sneha Sharma'],1
473,['Varun Verma'],1
464,['Ira Gupta'],1
465,['Kabir Mehta'],1
555,['Pooja Mehta'],1
527,['Tanvi Singh'],1
742,['Ira Banerjee'],3
2828,['Rohit Deshmukh'],4
469,['Sanya Banerjee'],1
2087,['Ira Iyer'],0
1423,['Varun Verma'],7
472,['Zoya Verma'],1
3027,['Diya Bhat'],1
526,['Pooja Bose'],1
474,['Pooja Singh'],1
1885,['Sagar Joshi'],10
476,['Aarav Chatterjee'],1
477,['Meera Reddy'],1
2925,['Kabir Verma'],1
479,['Kabir Iyer'],1
3913,['Aman Iyer'],1
1067,['Nisha Verma'],8
2816,['Ishita Gupta'],4
2499,['Tanvi Bose'],12
482,['Diya Nair'],1
483,['Varun Nair'],1
3440,['Sagar Reddy'],1
484,['Aarav Banerjee'],1
485,['Dev Bhat'],1
486,['Aditi Joshi'],1
488,['Dev Mukherjee'],1
1776,['Aarav Chatterjee'],13
489,['Kunal Iyer'],1
491,['Rajat Deshmukh'],1
492,['Aman Sharma'],1
710,['Ira Joshi'],3
493,['Siddharth Singh'],1
2232,['Sagar Agarwal'],11
494,['Riya Reddy'],1
1307,['Aisha Singh'],15
495,['Rajat Gupta'],1
496,['Aman Banerjee'],1
497,['Kavya Bhat'],1
3831,['Kabir Bose'],1
498,['Aditi Joshi'],1
500,['Varun Iyer'],1
2948,['Nikhil Banerjee'],1
503,['Jahnvi Verma'],1
505,['Diya Gupta'],1
506,['Yash Khan'],1
2501,['Aisha Bhat'],12
935,['Aarav Mukherjee'],14
508,['Vikram Banerjee'],1
1349,['Sneha Sharma'],7
1542,['Pooja Joshi'],9
511,['Naveen Verma'],1
512,['Ankit Bhat'],1
1150,['Ira Agarwal'],8
513,['Rajat Iyer'],1
2210,['Aakash Gowda'],11
514,['Aman Verma'],1
3614,['Priya Mukherjee'],1
515,['Nisha Chatterjee'],1
517,['Arjun Nair'],1
520,['Nikhil Singh'],1
3759,['Kabir Gupta'],1
609,['Rohit Verma'],1
523,['Aman Iyer'],1
1161,['Aarav Singh'],8
524,['Ira Gowda'],1
3915,['Arjun Gowda'],1
2022,['Jahnvi Verma'],0
1814,['Varun Verma'],13
529,['Aman Chatterjee'],1
1262,['Kabir Singh'],15
1800,['Ishita Mukherjee'],13
616,['Vikram Chatterjee'],3
534,['Nikhil Singh'],1
535,['Neha Gupta'],1
537,['Diya Patel'],1
2352,['Sagar Sharma'],11
539,['Nisha Patel'],1
3635,['Pooja Agarwal'],1
540,['Kabir Agarwal'],1
1601,['Aditi Banerjee'],9
772,['Siddharth Patel'],3
542,['Ankit Chatterjee'],1
543,['Meera Gupta'],1
544,['Aman Kapoor'],1
3267,['Rajat Banerjee'],8
1165,['Kavya Banerjee'],8
944,['Ananya Patel'],14
1962,['Kabir Joshi'],10
547,['Yash Agarwal'],1
639,['Dev Agarwal'],3
2493,['Ira Reddy'],12
643,['Priya Chatterjee'],3
551,['Rajat Bhat'],1
552,['Kabir Bose'],1
3785,['Vikram Chatterjee'],1
554,['Meera Kapoor'],1
2014,['Aisha Verma'],0
556,['Rahul Bhat'],1
558,['Aditi Verma'],1
559,['Aditi Gupta'],1
1556,['Varun Agarwal'],9
560,['Sagar Reddy'],1
901,['Ananya Nair'],14
562,['Siddharth Patel'],1
2518,['Siddharth Sharma'],12
2394,['Harsh Agarwal'],11
1218,['Dev Gupta'],15
565,['Jahnvi Verma'],1
865,['Tanvi Agarwal'],14
567,['Ankit Bose'],1
3773,['Ankit Mehta'],1
568,['Nikhil Bhat'],1
569,['Ira Bhat'],1
1937,['Sneha Reddy'],10
570,['Aarohi Gowda'],1
3510,['Jahnvi Gupta'],15
571,['Kunal Sharma'],1
1133,['Kunal Gupta'],8
2917,['Neha Singh'],1
3333,['Vikram Iyer'],1
572,['Harsh Deshmukh'],1
3752,['Siddharth Iyer'],1
576,['Varun Joshi'],1
577,['Tanvi Banerjee'],1
1273,['Rohit Agarwal'],15
1142,['Yash Patel'],8
580,['Rohit Gupta'],1
3441,['Pooja Patel'],1
583,['Kavya Gowda'],1
644,['Rajat Mehta'],3
3176,['Nikhil Nair'],1
2686,['Vikram Mukherjee'],4
587,['Sagar Banerjee'],1
588,['Kunal Bose'],1
3637,['Varun Bhat'],1
590,['Jahnvi Mukherjee'],1
591,['Rohit Agarwal'],1
733,['Kavya Deshmukh'],3
2098,['Mira Nair'],0
593,['Vikram Khan'],1
2672,['Vikram Verma'],4
594,['Ankit Banerjee'],1
2124,['Priya Banerjee'],0
596,['Aditi Verma'],1
597,['Sneha Nair'],1
2221,['Kunal Mukherjee'],11
2171,['Yash Mukherjee'],0
3802,['Arjun Khan'],1
599,['Ira Deshmukh'],1
3356,['Yash Chatterjee'],14
600,['Rohit Reddy'],1
3995,['Rahul Gupta'],1
601,['Arjun Mehta'],1
602,['Aman Kapoor'],1
888,['Kavya Bhat'],14
604,['Pooja Joshi'],1
605,['Sneha Mukherjee'],1
3878,['Dev Agarwal'],1
606,['Kabir Kapoor'],1
1956,['Neha Reddy'],10
607,['Varun Singh'],1
608,['Rajat Joshi'],1
3807,['Mira Banerjee'],1
610,['Sagar Khan'],1
1636,['Siddharth Mukherjee'],9
3879,['Riya Iyer'],1
611,['Ishita Deshmukh'],1
1242,['Sneha Iyer'],15
614,['Rohan Mehta'],1
1103,['Zoya Sharma'],8
615,['Aditi Chatterjee'],1
1894,['Ishita Bhat'],10
697,['Sanya Sharma'],3
715,['Sanya Nair'],3
617,['Rajat Singh'],3
678,['Sanya Nair'],3
1893,['Arjun Bhat'],10
689,['Sagar Bhat'],3
618,['Arjun Gowda'],3
809,['Neha Iyer'],3
667,['Varun Patel'],3
3877,['Harsh Kapoor'],15
701,['Dev Agarwal'],3
620,['Kavya Deshmukh'],3
621,['Arjun Mukherjee'],3
636,['Dev Patel'],3
623,['Aakash Agarwal'],3
778,['Dev Deshmukh'],3
721,['Rahul Iyer'],3
779,['Neha Reddy'],3
693,['Aakash Nair'],3
2364,['Nisha Joshi'],11
713,['Ankit Joshi'],3
625,['Priya Iyer'],3
749,['Arjun Deshmukh'],3
791,['Rohan Bose'],3
626,['Vikram Mehta'],3
723,['Harsh Khan'],3
776,['Naveen Kapoor'],3
683,['Tanvi Bhat'],3
1602,['Mira Reddy'],9
627,['Priya Gowda'],3
660,['Kabir Bhat'],3
629,['Vikram Singh'],3
631,['Tanvi Iyer'],3
766,['Tanvi Gowda'],3
632,['Rohan Joshi'],3
1212,['Sagar Verma'],15
633,['Ankit Kapoor'],3
634,['Dev Agarwal'],3
718,['Priya Iyer'],3
635,['Aarav Gowda'],3
793,['Sanya Bose'],3
637,['Sneha Singh'],3
762,['Rahul Agarwal'],3
638,['Vikram Sharma'],3
662,['Aman Iyer'],3
640,['Kavya Kapoor'],3
642,['Aisha Sharma'],3
645,['Ishita Reddy'],3
646,['Vikram Singh'],3
647,['Ananya Gowda'],3
687,['Rohit Sharma'],3
651,['Nisha Patel'],3
648,['Pooja Mukherjee'],3
649,['Naveen Bose'],3
2241,['Aarohi Mukherjee'],11
650,['Zoya Khan'],3
690,['Meera Patel'],3
652,['Aarohi Chatterjee'],3
653,['Aisha Mukherjee'],3
654,['Varun Agarwal'],3
1246,['Siddharth Agarwal'],15
655,['Arjun Khan'],3
656,['Mira Khan'],3
2201,['Naveen Iyer'],11
3786,['Kunal Gupta'],3
722,['Pooja Mehta'],3
661,['Rohit Banerjee'],3
663,['Varun Singh'],3
1519,['Rajat Deshmukh'],7
664,['Kavya Gowda'],3
1255,['Kabir Reddy'],15
666,['Aarav Verma'],3
3028,['Mira Kapoor'],3
1567,['Diya Gupta'],9
668,['Sanya Gowda'],3
669,['Tanvi Nair'],3
670,['Sanya Joshi'],3
671,['Kunal Gowda'],3
674,['Sneha Sharma'],3
2840,['Arjun Joshi'],4
677,['Rohit Deshmukh'],3
3906,['Ishita Khan'],3
2650,['Kavya Gupta'],4
679,['Ira Verma'],3
680,['Ira Singh'],3
3228,['Rohan Kapoor'],15
681,['Neha Agarwal'],3
682,['Dev Agarwal'],3
3981,['Kabir Agarwal'],3
3615,['Sanya Banerjee'],7
3805,['Naveen Chatterjee'],3
685,['Yash Singh'],3
686,['Priya Joshi'],3
688,['Aarav Chatterjee'],3
3282,['Riya Banerjee'],3
3274,['Aisha Nair'],3
1358,['Priya Deshmukh'],7
691,['Riya Sharma'],3
692,['Aditi Mukherjee'],3
1597,['Rohan Banerjee'],9
3778,['Vikram Iyer'],3
695,['Sneha Sharma'],3
698,['Rohan Mehta'],3
3471,['Sanya Verma'],3
699,['Priya Deshmukh'],3
1890,['Naveen Nair'],10
700,['Aakash Gupta'],3
2435,['Jahnvi Iyer'],12
2970,['Pooja Khan'],3
703,['Dev Reddy'],3
705,['Pooja Gupta'],3
706,['Jahnvi Gowda'],3
707,['Ira Gowda'],3
708,['Mira Mukherjee'],3
709,['Arjun Agarwal'],3
711,['Ira Mukherjee'],3
712,['Yash Agarwal'],3
714,['Ishita Chatterjee'],3
716,['Pooja Khan'],3
717,['Pooja Verma'],3
980,['Dev Bhat'],8
719,['Aisha Gupta'],3
720,['Rahul Kapoor'],3
1092,['Aditi Agarwal'],8
726,['Ira Joshi'],3
3140,['Vikram Patel'],3
728,['Aakash Chatterjee'],3
729,['Nikhil Kapoor'],3
730,['Diya Patel'],3
3288,['Sneha Chatterjee'],3
731,['Ankit Deshmukh'],3
1771,['Nisha Verma'],13
732,['Kunal Singh'],3
1402,['Mira Nair'],7
734,['Meera Agarwal'],3
736,['Kabir Bose'],3
738,['Sneha Sharma'],3
3966,['Aarohi Agarwal'],3
739,['Sneha Gupta'],3
740,['Aman Nair'],3
1477,['Sagar Bhat'],7
741,['Aman Iyer'],3
743,['Pooja Gowda'],3
744,['Aditi Gupta'],3
746,['Naveen Kapoor'],3
2259,['Sagar Nair'],11
747,['Ira Reddy'],3
748,['Priya Joshi'],3
2288,['Ananya Mukherjee'],11
750,['Yash Agarwal'],3
751,['Ira Bose'],3
3735,['Ankit Sharma'],3
754,['Diya Mehta'],3
756,['Siddharth Banerjee'],3
757,['Rohan Sharma'],3
758,['Siddharth Agarwal'],3
1508,['Rajat Singh'],7
761,['Aarav Iyer'],3
3367,['Kunal Nair'],3
763,['Ananya Patel'],3
1439,['Naveen Banerjee'],7
769,['Sagar Bose'],3
774,['Priya Iyer'],3
2437,['Priya Khan'],12
3318,['Rajat Kapoor'],3
1580,['Kunal Sharma'],9
3698,['Priya Singh'],3
777,['Harsh Deshmukh'],3
2566,['Jahnvi Mukherjee'],12
780,['Aarav Sharma'],3
3326,['Sagar Gowda'],3
781,['Rohit Nair'],3
1965,['Priya Singh'],10
1837,['Riya Singh'],13
785,['Arjun Agarwal'],3
3813,['Sagar Bose'],14
786,['Tanvi Singh'],3
790,['Rajat Khan'],3
792,['Nikhil Khan'],3
794,['Sanya Banerjee'],3
3865,['Aman Agarwal'],3
796,['Siddharth Nair'],3
2314,['Aakash Sharma'],11
797,['Vikram Gupta'],3
798,['Mira Gupta'],3
1083,['Nikhil Chatterjee'],8
799,['Dev Mukherjee'],3
800,['Sanya Reddy'],3
801,['Aarohi Khan'],3
2126,['Nisha Bose'],0
1964,['Ankit Khan'],10
802,['Ankit Mukherjee'],3
803,['Jahnvi Joshi'],3
804,['Tanvi Banerjee'],3
806,['Mira Mehta'],3
807,['Naveen Bhat'],3
808,['Naveen Singh'],3
811,['Harsh Gowda'],3
812,['Nikhil Gupta'],3
814,['Ankit Bose'],3
815,['Aisha Joshi'],14
910,['Sagar Gowda'],14
869,['Naveen Joshi'],14
847,['Neha Singh'],14
969,['Siddharth Gupta'],14
816,['Riya Gupta'],14
903,['Arjun Agarwal'],14
920,['Ira Mehta'],14
817,['Nisha Gowda'],14
956,['Rohit Joshi'],14
818,['Siddharth Bose'],14
835,['Ananya Gupta'],14
867,['Aarav Gupta'],14
924,['Sagar Khan'],14
819,['Jahnvi Patel'],14
3961,['Sneha Iyer'],14
833,['Siddharth Kapoor'],14
967,['Rajat Deshmukh'],14
932,['Ankit Gupta'],14
1694,['Tanvi Patel'],9
822,['Priya Bose'],14
845,['Aakash Reddy'],14
823,['Ira Gupta'],14
852,['Nisha Chatterjee'],14
824,['Aarav Gowda'],14
830,['Ankit Deshmukh'],14
838,['Varun Banerjee'],14
826,['Aisha Khan'],14
963,['Priya Deshmukh'],14
958,['Arjun Agarwal'],14
906,['Sanya Chatterjee'],14
828,['Sanya Verma'],14
832,['Aditi Patel'],14
831,['Pooja Gowda'],14
898,['Aisha Nair'],14
882,['Ankit Mehta'],14
834,['Aman Singh'],14
836,['Nisha Mukherjee'],14
837,['Zoya Mukherjee'],14
839,['Naveen Bhat'],14
3780,['Aarav Kapoor'],14
840,['Ankit Mehta'],14
3711,['Zoya Nair'],14
841,['Ankit Iyer'],14
844,['Aakash Gupta'],14
972,['Riya Agarwal'],14
842,['Aakash Chatterjee'],14
965,['Tanvi Sharma'],14
843,['Aman Sharma'],14
853,['Sneha Reddy'],14
846,['Aman Gowda'],14
1167,['Sanya Chatterjee'],8
1414,['Arjun Chatterjee'],7
850,['Tanvi Sharma'],14
851,['Sanya Chatterjee'],14
3929,['Kavya Joshi'],14
854,['Pooja Nair'],14
855,['Ankit Agarwal'],14
857,['Priya Agarwal'],14
858,['Dev Deshmukh'],14
859,['Sneha Mukherjee'],14
860,['Rohit Kapoor'],14
861,['Tanvi Bose'],14
863,['Rohit Sharma'],14
864,['Sagar Kapoor'],14
866,['Arjun Reddy'],14
1741,['Mira Singh'],13
870,['Tanvi Mukherjee'],14
871,['Meera Nair'],14
3983,['Siddharth Agarwal'],14
873,['Yash Singh'],14
874,['Zoya Chatterjee'],14
875,['Ira Kapoor'],14
876,['Riya Banerjee'],14
877,['Kunal Mehta'],14
913,['Vikram Iyer'],14
879,['Pooja Reddy'],14
880,['Ira Verma'],14
881,['Nikhil Patel'],14
883,['Ananya Kapoor'],14
884,['Varun Chatterjee'],14
885,['Rohit Gupta'],14
3651,['Ananya Gupta'],9
889,['Sanya Khan'],14
2223,['Mira Banerjee'],11
890,['Nikhil Singh'],14
891,['Priya Gupta'],14
892,['Sneha Mehta'],14
893,['Jahnvi Kapoor'],14
894,['Sneha Bose'],14
895,['Ishita Patel'],14
899,['Aakash Iyer'],14
904,['Kunal Patel'],14
905,['Siddharth Verma'],14
3507,['Arjun Agarwal'],14
907,['Dev Sharma'],14
908,['Vikram Nair'],14
909,['Sneha Bhat'],14
3468,['Jahnvi Nair'],14
911,['Rahul Agarwal'],14
912,['Nisha Patel'],14
914,['Aarohi Iyer'],14
916,['Aakash Gupta'],14
3942,['Varun Patel'],14
917,['Ananya Joshi'],14
919,['Naveen Kapoor'],14
921,['Arjun Chatterjee'],14
922,['Kunal Iyer'],14
925,['Rohan Bhat'],14
926,['Kavya Gowda'],14
928,['Aakash Verma'],14
929,['Rahul Gowda'],14
931,['Diya Gowda'],14
934,['Aarav Reddy'],14
937,['Diya Singh'],14
939,['Tanvi Agarwal'],14
1791,['Rohit Kapoor'],13
940,['Naveen Bhat'],14
942,['Vikram Verma'],14
943,['Neha Verma'],14
945,['Kavya Singh'],14
948,['Pooja Khan'],14
950,['Riya Deshmukh'],14
2478,['Mira Singh'],12
952,['Varun Joshi'],14
953,['Dev Khan'],14
954,['Diya Agarwal'],14
955,['Ishita Singh'],14
957,['Aditi Nair'],14
959,['Aditi Verma'],14
960,['Aarohi Agarwal'],14
961,['Neha Singh'],14
962,['Ishita Sharma'],14
2054,['Pooja Joshi'],0
964,['Priya Bhat'],14
1949,['Ishita Singh'],10
2005,['Dev Gupta'],0
966,['Aakash Verma'],14
968,['Sanya Banerjee'],14
970,['Nikhil Gupta'],14
973,['Kabir Banerjee'],14
1102,['Meera Chatterjee'],8
1074,['Zoya Deshmukh'],8
1005,['Naveen Reddy'],8
1182,['Tanvi Verma'],8
1046,['Priya Iyer'],8
975,['Sneha Reddy'],8
1119,['Naveen Joshi'],8
1028,['Naveen Khan'],8
979,['Neha Mukherjee'],8
3570,['Sneha Chatterjee'],8
1016,['Siddharth Kapoor'],8
976,['Riya Singh'],8
1136,['Sanya Bose'],8
977,['Dev Gupta'],8
1153,['Siddharth Patel'],8
978,['Sanya Sharma'],8
989,['Sneha Iyer'],8
1147,['Kabir Deshmukh'],8
1135,['Ishita Singh'],8
1047,['Aarav Bose'],8
1164,['Neha Bose'],8
981,['Ananya Kapoor'],8
982,['Vikram Agarwal'],8
983,['Diya Gupta'],8
1180,['Meera Mehta'],8
996,['Meera Khan'],8
984,['Riya Mehta'],8
1158,['Sneha Iyer'],8
1122,['Ananya Reddy'],8
985,['Tanvi Deshmukh'],8
1160,['Pooja Singh'],8
986,['Kunal Bhat'],8
1151,['Mira Verma'],8
987,['Ishita Verma'],8
1093,['Ishita Verma'],8
988,['Aman Iyer'],8
1009,['Yash Patel'],8
1129,['Harsh Reddy'],8
1051,['Siddharth Verma'],8
1154,['Nikhil Bhat'],8
991,['Nikhil Bhat'],8
1080,['Neha Agarwal'],8
3339,['Nikhil Joshi'],0
993,['Kabir Agarwal'],8
994,['Nisha Mukherjee'],8
995,['Rohit Mukherjee'],8
1141,['Aman Sharma'],8
997,['Rohan Gowda'],8
998,['Aarohi Iyer'],8
1126,['Varun Gupta'],8
999,['Arjun Mehta'],8
3002,['Sanya Patel'],8
3237,['Rahul Joshi'],8
1000,['Sagar Iyer'],8
1061,['Yash Bose'],8
1018,['Naveen Agarwal'],8
1003,['Rahul Bose'],8
1004,['Neha Patel'],8
1007,['Aarohi Sharma'],8
1010,['Rohit Bose'],8
1060,['Neha Kapoor'],8
2859,['Nisha Bose'],4
1011,['Jahnvi Kapoor'],8
1012,['Rohit Reddy'],8
1013,['Priya Banerjee'],8
1014,['Aakash Kapoor'],8
1017,['Aarohi Chatterjee'],8
1019,['Mira Agarwal'],8
1020,['Riya Verma'],8
1021,['Siddharth Singh'],8
1022,['Sneha Kapoor'],8
1023,['Siddharth Verma'],8
1024,['Kavya Reddy'],8
1026,['Yash Gupta'],8
1027,['Rohan Reddy'],8
1029,['Priya Chatterjee'],8
1101,['Pooja Verma'],8
1032,['Aarohi Gupta'],8
1033,['Zoya Kapoor'],8
1035,['Vikram Iyer'],8
1036,['Ankit Banerjee'],8
1037,['Neha Banerjee'],8
3178,['Aisha Deshmukh'],8
1038,['Ankit Sharma'],8
1039,['Aarav Singh'],8
1040,['Ishita Bose'],8
1041,['Ishita Reddy'],8
1043,['Ananya Reddy'],8
1044,['Siddharth Singh'],8
1710,['Zoya Reddy'],9
1045,['Harsh Deshmukh'],8
1050,['Naveen Gowda'],8
1052,['Kabir Bose'],8
1053,['Vikram Reddy'],8
1054,['Jahnvi Kapoor'],8
1056,['Yash Banerjee'],8
1057,['Sneha Joshi'],8
1058,['Pooja Bose'],8
1062,['Aman Mehta'],8
1224,['Riya Nair'],15
1064,['Sneha Joshi'],8
1065,['Vikram Chatterjee'],8
1066,['Tanvi Verma'],8
1068,['Sagar Reddy'],8
1070,['Aarav Patel'],8
1072,['Diya Khan'],8
1073,['Rohan Gupta'],8
1075,['Mira Deshmukh'],8
1076,['Ishita Kapoor'],8
1078,['Naveen Singh'],8
1079,['Ishita Gupta'],8
3262,['Siddharth Khan'],8
1251,['Diya Reddy'],15
1081,['Rohit Patel'],8
1082,['Kabir Kapoor'],8
1084,['Rajat Verma'],8
1085,['Aarav Singh'],8
1087,['Kabir Mehta'],8
1089,['Pooja Mehta'],8
1091,['Ira Gowda'],8
1094,['Tanvi Mukherjee'],8
1095,['Aisha Singh'],8
3751,['Tanvi Singh'],8
3886,['Mira Banerjee'],11
1096,['Neha Mehta'],8
1097,['Aakash Kapoor'],8
1098,['Kunal Nair'],8
1100,['Aditi Bhat'],8
1104,['Zoya Bose'],8
1105,['Dev Iyer'],8
1106,['Ananya Chatterjee'],8
1107,['Yash Banerjee'],8
1109,['Rohit Khan'],8
1111,['Ishita Agarwal'],8
1112,['Varun Singh'],8
1113,['Naveen Gowda'],8
1116,['Harsh Chatterjee'],8
1118,['Harsh Bhat'],8
1120,['Ananya Reddy'],8
1124,['Meera Sharma'],8
1125,['Sneha Gowda'],8
1127,['Aarohi Mehta'],8
2506,['Meera Kapoor'],12
2311,['Meera Banerjee'],11
1128,['Diya Iyer'],8
1134,['Aarohi Joshi'],8
1137,['Tanvi Bose'],8
1138,['Sanya Iyer'],8
1140,['Meera Mukherjee'],8
1143,['Rahul Patel'],8
1144,['Ankit Verma'],8
1148,['Siddharth Patel'],8
1149,['Aakash Mehta'],8
2013,['Kavya Mehta'],0
1152,['Sagar Chatterjee'],8
1155,['Rajat Verma'],8
1156,['Aditi Patel'],8
1157,['Aditi Reddy'],8
1162,['Tanvi Singh'],8
1163,['Rohan Singh'],8
3026,['Sagar Nair'],8
1166,['Varun Iyer'],8
1168,['Mira Nair'],8
1537,['Meera Banerjee'],9
1169,['Naveen Singh'],8
1170,['Ananya Agarwal'],8
1380,['Diya Reddy'],7
1171,['Dev Reddy'],8
1173,['Rohit Deshmukh'],8
3645,['Sagar Gowda'],8
1174,['Aarav Gowda'],8
1177,['Mira Patel'],8
1178,['Yash Chatterjee'],8
1179,['Diya Banerjee'],8
1183,['Aditi Chatterjee'],8
1184,['Kavya Mehta'],8
1185,['Rohan Mukherjee'],8
2470,['Rahul Chatterjee'],12
1187,['Siddharth Gupta'],8
1284,['Nisha Agarwal'],15
1258,['Meera Mukherjee'],15
1266,['Yash Banerjee'],15
1189,['Kunal Mehta'],15
1239,['Kunal Gupta'],15
1292,['Tanvi Mehta'],15
2166,['Diya Khan'],0
1190,['Sagar Chatterjee'],15
1315,['Riya Gowda'],15
1191,['Varun Chatterjee'],15
1260,['Aarav Nair'],15
1274,['Kabir Joshi'],15
1223,['Nisha Kapoor'],15
1192,['Rohit Gowda'],15
1347,['Ishita Khan'],15
1219,['Rohit Mehta'],15
1194,['Nisha Nair'],15
1195,['Yash Kapoor'],15
1308,['Meera Bose'],15
1196,['Aarav Iyer'],15
1318,['Harsh Iyer'],15
1197,['Aman Khan'],15
3824,['Ananya Bose'],15
1198,['Jahnvi Deshmukh'],15
1199,['Kunal Mehta'],15
1200,['Sneha Reddy'],15
1286,['Diya Singh'],15
1287,['Nikhil Mehta'],15
1203,['Rohit Mehta'],15
1204,['Varun Khan'],15
2653,['Yash Kapoor'],4
1205,['Neha Patel'],15
1206,['Aditi Chatterjee'],15
1285,['Arjun Gupta'],15
1207,['Nisha Gowda'],15
1264,['Vikram Agarwal'],15
1208,['Aarav Reddy'],15
1209,['Arjun Khan'],15
1210,['Ishita Sharma'],15
1211,['Meera Deshmukh'],15
1213,['Diya Agarwal'],15
1215,['Mira Agarwal'],15
1216,['Rohan Mehta'],15
2153,['Ishita Chatterjee'],0
1220,['Vikram Sharma'],15
1229,['Rohan Bose'],15
1221,['Zoya Deshmukh'],15
1271,['Kabir Agarwal'],15
1282,['Mira Sharma'],15
1222,['Ankit Kapoor'],15
3662,['Nikhil Sharma'],15
2839,['Aakash Patel'],15
1225,['Pooja Patel'],15
1226,['Sanya Verma'],15
1227,['Aakash Iyer'],15
1228,['Sneha Khan'],15
1230,['Ira Banerjee'],15
3321,['Naveen Mehta'],15
1231,['Yash Nair'],15
1934,['Neha Verma'],10
1234,['Kavya Gowda'],15
1320,['Aarohi Verma'],15
1235,['Sanya Mehta'],15
1236,['Diya Deshmukh'],15
1238,['Priya Singh'],15
1240,['Aakash Banerjee'],15
1241,['Kabir Mehta'],15
1243,['Kunal Iyer'],15
1244,['Dev Mehta'],15
1245,['Sagar Chatterjee'],15
1249,['Rohit Joshi'],15
2908,['Rajat Sharma'],15
1250,['Priya Gupta'],15
1253,['Ankit Gowda'],15
1256,['Yash Singh'],15
2971,['Vikram Mukherjee'],15
1259,['Dev Iyer'],15
1261,['Diya Reddy'],15
1263,['Nikhil Mukherjee'],15
1265,['Aditi Agarwal'],15
3518,['Rajat Banerjee'],15
1267,['Ira Gupta'],15
1269,['Sneha Bhat'],15
1272,['Zoya Nair'],15
1582,['Yash Bose'],9
1276,['Ira Mukherjee'],15
1277,['Rahul Verma'],15
1278,['Kabir Gupta'],15
1279,['Ananya Bhat'],15
1281,['Meera Reddy'],15
1283,['Varun Kapoor'],15
3791,['Ananya Deshmukh'],15
1288,['Rohan Bhat'],15
1289,['Aman Banerjee'],15
1291,['Yash Deshmukh'],15
1294,['Aakash Chatterjee'],15
1295,['Meera Mehta'],15
1297,['Nikhil Gupta'],15
1298,['Aman Iyer'],15
1299,['Zoya Iyer'],15
1300,['Aisha Gowda'],15
1301,['Jahnvi Joshi'],15
1302,['Aman Mukherjee'],15
1303,['Kabir Patel'],15
1304,['Yash Deshmukh'],15
3977,['Aditi Iyer'],9
1306,['Aman Gupta'],15
1309,['Aisha Bose'],15
1310,['Aman Reddy'],15
1311,['Harsh Khan'],15
1312,['Aman Sharma'],15
1313,['Siddharth Agarwal'],15
1314,['Harsh Joshi'],15
1317,['Aarav Deshmukh'],15
1323,['Sneha Nair'],15
1324,['Mira Patel'],15
1325,['Aarohi Gupta'],15
1326,['Aditi Khan'],15
1327,['Vikram Deshmukh'],15
1330,['Naveen Sharma'],15
1331,['Dev Bhat'],15
1332,['Varun Gupta'],15
1333,['Vikram Patel'],15
1334,['Sanya Kapoor'],15
1335,['Sagar Gowda'],15
1336,['Priya Singh'],15
1337,['Tanvi Gowda'],15
1339,['Ira Mehta'],15
1343,['Mira Bose'],15
1344,['Harsh Singh'],15
1348,['Aarav Khan'],7
1397,['Sanya Kapoor'],7
1429,['Jahnvi Mukherjee'],7
1461,['Meera Mukherjee'],7
1464,['Harsh Chatterjee'],7
1449,['Zoya Patel'],7
1364,['Mira Verma'],7
1529,['Aakash Sharma'],7
1387,['Rajat Singh'],7
1520,['Kabir Deshmukh'],7
1352,['Priya Singh'],7
1353,['Jahnvi Bhat'],7
1354,['Zoya Gowda'],7
1369,['Ira Chatterjee'],7
3292,['Ankit Singh'],7
1362,['Sagar Deshmukh'],7
1356,['Naveen Kapoor'],7
1453,['Naveen Joshi'],7
1425,['Aarohi Agarwal'],7
1419,['Meera Patel'],7
1359,['Kunal Iyer'],7
1360,['Sagar Joshi'],7
1441,['Sneha Iyer'],7
1428,['Kavya Bhat'],7
1361,['Aarohi Reddy'],7
1363,['Rahul Bose'],7
1491,['Yash Mukherjee'],7
1365,['Rohit Mehta'],7
1366,['Rahul Sharma'],7
1415,['Kavya Patel'],7
1370,['Pooja Agarwal'],7
1469,['Mira Iyer'],7
1372,['Ankit Mehta'],7
1465,['Aisha Iyer'],7
1373,['Neha Gowda'],7
1374,['Naveen Verma'],7
1375,['Riya Mukherjee'],7
1409,['Aarohi Gupta'],7
1377,['Diya Khan'],7
1378,['Rohan Reddy'],7
1379,['Arjun Bose'],7
1427,['Jahnvi Iyer'],7
1381,['Rohan Bose'],7
1382,['Ishita Mukherjee'],7
1489,['Ishita Kapoor'],7
1383,['Rohit Iyer'],7
1504,['Harsh Nair'],7
1385,['Dev Chatterjee'],7
1386,['Tanvi Khan'],7
1388,['Ananya Chatterjee'],7
1389,['Mira Singh'],7
1407,['Kunal Patel'],7
1391,['Siddharth Chatterjee'],7
1394,['Zoya Sharma'],7
1392,['Tanvi Bhat'],7
1494,['Kunal Chatterjee'],7
1395,['Aditi Gowda'],7
1396,['Rahul Gupta'],7
1398,['Harsh Chatterjee'],7
1400,['Ananya Sharma'],7
1401,['Vikram Sharma'],7
1403,['Jahnvi Mehta'],7
1404,['Rahul Chatterjee'],7
1406,['Yash Bhat'],7
1410,['Aakash Bose'],7
1411,['Varun Khan'],7
1412,['Nikhil Bose'],7
1487,['Naveen Gupta'],7
1413,['Neha Khan'],7
1416,['Rahul Reddy'],7
1418,['Tanvi Bose'],7
1421,['Kavya Singh'],7
1422,['Diya Gowda'],7
1426,['Nikhil Reddy'],7
1430,['Diya Gowda'],7
1432,['Jahnvi Gowda'],7
1437,['Harsh Patel'],7
1438,['Naveen Sharma'],7
1440,['Aarohi Chatterjee'],7
1445,['Aditi Kapoor'],7
1446,['Kabir Singh'],7
1451,['Naveen Mehta'],7
1452,['Aisha Singh'],7
1455,['Neha Reddy'],7
1456,['Kavya Mukherjee'],7
1457,['Sanya Bhat'],7
1458,['Yash Bhat'],7
1462,['Aakash Iyer'],7
1467,['Meera Chatterjee'],7
1468,['Ankit Chatterjee'],7
1471,['Sanya Reddy'],7
1474,['Dev Iyer'],7
1475,['Rohit Bose'],7
1476,['Sagar Patel'],7
1480,['Yash Bose'],7
1481,['Riya Mehta'],7
1497,['Aarohi Kapoor'],7
1483,['Kunal Gupta'],7
1484,['Tanvi Singh'],7
1485,['Jahnvi Iyer'],7
1486,['Rohit Gowda'],7
3767,['Arjun Verma'],7
1488,['Ananya Mukherjee'],7
1490,['Nisha Sharma'],7
1492,['Diya Banerjee'],7
1493,['Kunal Chatterjee'],7
1495,['Nikhil Mukherjee'],7
1496,['Zoya Sharma'],7
1499,['Naveen Agarwal'],7
1500,['Aisha Agarwal'],7
1501,['Sneha Sharma'],7
1503,['Neha Patel'],7
1505,['Jahnvi Mukherjee'],7
3304,['Rahul Iyer'],7
1506,['Varun Gowda'],7
1507,['Arjun Nair'],7
1509,['Sanya Bhat'],7
1510,['Pooja Mehta'],7
2143,['Yash Bhat'],0
1511,['Riya Sharma'],7
1512,['Harsh Joshi'],7
1513,['Jahnvi Gowda'],7
1514,['Arjun Mehta'],7
1515,['Priya Iyer'],7
1516,['Rohan Khan'],7
1517,['Tanvi Joshi'],7
1518,['Harsh Sharma'],7
1521,['Zoya Chatterjee'],7
1523,['Rohan Verma'],7
1524,['Priya Nair'],7
1525,['Ishita Sharma'],7
1526,['Ananya Nair'],7
1527,['Aditi Verma'],7
1528,['Rajat Mehta'],7
1530,['Aditi Patel'],7
1531,['Nikhil Khan'],7
1532,['Nisha Joshi'],7
1533,['Siddharth Agarwal'],7
1534,['Yash Gupta'],9
1676,['Meera Mukherjee'],9
1612,['Kavya Bhat'],9
1535,['Kabir Reddy'],9
1593,['Ishita Nair'],9
1536,['Mira Agarwal'],9
1792,['Naveen Khan'],13
1628,['Nikhil Mehta'],9
1610,['Kavya Deshmukh'],9
1577,['Kabir Banerjee'],9
1541,['Diya Mehta'],9
1538,['Sagar Reddy'],9
1617,['Sanya Gupta'],9
1548,['Aman Sharma'],9
1540,['Riya Mehta'],9
1557,['Kavya Bhat'],9
1695,['Naveen Nair'],9
1611,['Jahnvi Bhat'],9
1642,['Ankit Banerjee'],9
1543,['Ishita Iyer'],9
1572,['Rohit Patel'],9
1545,['Kabir Mukherjee'],9
1546,['Aakash Mukherjee'],9
1680,['Arjun Agarwal'],9
1549,['Ananya Chatterjee'],9
1550,['Riya Patel'],9
1553,['Ankit Mehta'],9
1633,['Tanvi Iyer'],9
1554,['Ira Joshi'],9
1555,['Riya Deshmukh'],9
1688,['Aman Mukherjee'],9
1627,['Sagar Deshmukh'],9
1558,['Aarav Kapoor'],9
1659,['Aarav Bhat'],9
1560,['Aarohi Patel'],9
1561,['Jahnvi Khan'],9
1562,['Aditi Deshmukh'],9
1563,['Ira Kapoor'],9
2929,['Aakash Iyer'],9
1564,['Varun Verma'],9
1565,['Ishita Patel'],9
1566,['Naveen Singh'],9
1568,['Rohan Mukherjee'],9
1569,['Naveen Sharma'],9
1570,['Ankit Bhat'],9
1571,['Neha Sharma'],9
1573,['Ankit Reddy'],9
1674,['Aarohi Kapoor'],9
1578,['Jahnvi Gowda'],9
1579,['Arjun Khan'],9
1592,['Ishita Deshmukh'],9
1581,['Zoya Mukherjee'],9
1583,['Vikram Banerjee'],9
1663,['Rohan Banerjee'],9
1584,['Rohan Gowda'],9
1585,['Nikhil Deshmukh'],9
1586,['Arjun Gupta'],9
1587,['Jahnvi Chatterjee'],9
1588,['Sagar Singh'],9
1589,['Sanya Bhat'],9
1590,['Sanya Chatterjee'],9
1591,['Riya Mehta'],9
1595,['Zoya Khan'],9
1600,['Ankit Mukherjee'],9
1603,['Aditi Verma'],9
1605,['Kunal Bhat'],9
1606,['Aakash Gupta'],9
1607,['Aakash Patel'],9
3363,['Arjun Bose'],9
1698,['Aditi Kapoor'],9
1613,['Jahnvi Gupta'],9
1614,['Aman Nair'],9
1615,['Yash Patel'],9
1616,['Rohit Chatterjee'],9
1618,['Kavya Chatterjee'],9
1619,['Vikram Nair'],9
1620,['Ishita Mehta'],9
1621,['Aman Agarwal'],9
1622,['Aditi Mehta'],9
1623,['Zoya Mukherjee'],9
1624,['Varun Sharma'],9
1629,['Nikhil Gupta'],9
2474,['Kabir Patel'],12
1632,['Yash Nair'],9
1637,['Sneha Verma'],9
1639,['Sagar Reddy'],9
1641,['Jahnvi Iyer'],9
3815,['Aisha Mukherjee'],9
1644,['Nikhil Verma'],9
1647,['Yash Patel'],9
1648,['Nisha Iyer'],9
1649,['Riya Mehta'],9
1650,['Meera Verma'],9
1651,['Mira Agarwal'],9
1652,['Meera Verma'],9
1653,['Ankit Bhat'],9
1654,['Riya Iyer'],9
1655,['Rajat Chatterjee'],9
1656,['Kavya Mukherjee'],9
1657,['Kavya Khan'],9
1658,['Jahnvi Reddy'],9
1660,['Siddharth Kapoor'],9
1661,['Diya Bhat'],9
1662,['Harsh Mehta'],9
1664,['Rajat Agarwal'],9
1666,['Rohan Mehta'],9
1667,['Mira Nair'],9
1669,['Nisha Gowda'],9
1670,['Rohan Kapoor'],9
1672,['Priya Gupta'],9
1673,['Mira Sharma'],9
1675,['Sneha Nair'],9
1677,['Jahnvi Gowda'],9
1679,['Aman Mukherjee'],9
1682,['Ira Bose'],9
1684,['Kunal Khan'],9
1685,['Kunal Singh'],9
1687,['Priya Mukherjee'],9
1689,['Priya Iyer'],9
1690,['Kabir Bose'],9
1693,['Sanya Khan'],9
1699,['Jahnvi Iyer'],9
1700,['Aakash Singh'],9
1702,['Kavya Banerjee'],9
1703,['Nisha Bhat'],9
1706,['Rajat Agarwal'],9
1707,['Meera Sharma'],9
1708,['Dev Mehta'],9
1709,['Riya Mukherjee'],9
1785,['Aman Mukherjee'],13
1774,['Harsh Bhat'],13
1712,['Aarav Agarwal'],13
1795,['Siddharth Patel'],13
1811,['Meera Bose'],13
1779,['Varun Verma'],13
1715,['Siddharth Iyer'],13
1725,['Rajat Gowda'],13
1716,['Ankit Khan'],13
1717,['Aman Nair'],13
1820,['Ananya Reddy'],13
1718,['Kavya Iyer'],13
1720,['Mira Chatterjee'],13
1719,['Rahul Deshmukh'],13
2622,['Mira Sharma'],4
1722,['Harsh Joshi'],13
1724,['Siddharth Reddy'],13
1755,['Neha Bhat'],13
1726,['Meera Nair'],13
1727,['Sagar Reddy'],13
1843,['Kabir Joshi'],13
1728,['Yash Singh'],13
1729,['Neha Bose'],13
1730,['Jahnvi Singh'],13
1762,['Aakash Bhat'],13
1784,['Ankit Patel'],13
1847,['Kunal Gupta'],13
1802,['Arjun Joshi'],13
1733,['Riya Bhat'],13
1735,['Mira Kapoor'],13
1737,['Rahul Iyer'],13
1738,['Rajat Iyer'],13
1739,['Priya Singh'],13
1740,['Rajat Bhat'],13
1745,['Kabir Singh'],13
1742,['Nisha Iyer'],13
1744,['Meera Patel'],13
1746,['Harsh Nair'],13
1748,['Sanya Banerjee'],13
1786,['Naveen Banerjee'],13
1749,['Aakash Verma'],13
1750,['Mira Banerjee'],13
1751,['Harsh Singh'],13
1822,['Tanvi Nair'],13
1753,['Sneha Kapoor'],13
1754,['Jahnvi Bhat'],13
1756,['Sagar Bhat'],13
1757,['Jahnvi Mukherjee'],13
1758,['Sanya Gupta'],13
1759,['Neha Mukherjee'],13
1760,['Kunal Kapoor'],13
1763,['Zoya Bhat'],13
1764,['Rohan Gowda'],13
1767,['Sagar Mukherjee'],13
1768,['Aman Bose'],13
1770,['Sneha Kapoor'],13
1773,['Kunal Patel'],13
1775,['Vikram Bhat'],13
1777,['Zoya Gowda'],13
1778,['Vikram Sharma'],13
1781,['Aarav Bose'],13
1782,['Arjun Bhat'],13
2434,['Aarav Banerjee'],12
1787,['Ananya Mehta'],13
1788,['Ishita Gowda'],13
1789,['Aakash Mehta'],13
1813,['Varun Bose'],13
1793,['Aman Banerjee'],13
1794,['Ishita Chatterjee'],13
3940,['Harsh Verma'],13
1797,['Ira Mehta'],13
1798,['Riya Bhat'],13
1799,['Tanvi Joshi'],13
1803,['Mira Bose'],13
1804,['Siddharth Gupta'],13
1806,['Rohit Patel'],13
1807,['Meera Chatterjee'],13
1808,['Arjun Agarwal'],13
1809,['Ankit Gowda'],13
1812,['Jahnvi Kapoor'],13
1815,['Mira Reddy'],13
1816,['Arjun Reddy'],13
1817,['Ananya Nair'],13
1818,['Mira Deshmukh'],13
1823,['Rohit Singh'],13
1824,['Aarohi Reddy'],13
1826,['Priya Deshmukh'],13
1828,['Meera Singh'],13
1829,['Aditi Chatterjee'],13
1836,['Siddharth Gowda'],13
1838,['Sneha Mukherjee'],13
1839,['Ishita Iyer'],13
1842,['Jahnvi Gowda'],13
1844,['Nikhil Gowda'],13
1846,['Varun Khan'],13
1848,['Aman Bhat'],13
1850,['Nikhil Singh'],13
1851,['Rohan Reddy'],13
1984,['Arjun Iyer'],10
1990,['Neha Gupta'],10
1898,['Kavya Agarwal'],10
1853,['Ishita Banerjee'],10
1938,['Rohit Iyer'],10
1854,['Riya Reddy'],10
1947,['Nikhil Joshi'],10
1855,['Vikram Deshmukh'],10
1881,['Sanya Banerjee'],10
1996,['Tanvi Bose'],10
1856,['Ishita Gupta'],10
1908,['Yash Deshmukh'],10
1971,['Sagar Nair'],10
1858,['Priya Patel'],10
1991,['Naveen Bhat'],10
1859,['Ankit Khan'],10
1921,['Ananya Verma'],10
1983,['Ankit Joshi'],10
1860,['Rajat Khan'],10
1978,['Siddharth Joshi'],10
1976,['Rahul Joshi'],10
1972,['Neha Verma'],10
1957,['Vikram Gupta'],10
1863,['Sanya Bhat'],10
1864,['Kunal Banerjee'],10
3855,['Aditi Chatterjee'],10
1865,['Mira Banerjee'],10
1899,['Ankit Chatterjee'],10
1866,['Aarav Iyer'],10
2852,['Priya Bose'],4
1867,['Sanya Deshmukh'],10
1868,['Rahul Verma'],10
1869,['Aisha Verma'],10
1870,['Ira Iyer'],10
1919,['Zoya Agarwal'],10
1871,['Aarav Deshmukh'],10
1925,['Sanya Mehta'],10
1872,['Ankit Deshmukh'],10
1875,['Aarohi Verma'],10
1876,['Rajat Chatterjee'],10
1877,['Sneha Bose'],10
1879,['Priya Chatterjee'],10
1880,['Pooja Deshmukh'],10
1882,['Sagar Bose'],10
1884,['Ankit Banerjee'],10
1887,['Siddharth Verma'],10
1888,['Nikhil Verma'],10
1889,['Aman Kapoor'],10
1977,['Naveen Agarwal'],10
1891,['Aarav Singh'],10
1892,['Mira Verma'],10
1931,['Aarohi Bose'],10
1896,['Mira Singh'],10
1897,['Rajat Singh'],10
1900,['Aakash Patel'],10
1901,['Aarav Banerjee'],10
1902,['Naveen Agarwal'],10
3629,['Ananya Agarwal'],10
1903,['Neha Nair'],10
1906,['Riya Deshmukh'],10
1907,['Sneha Reddy'],10
1909,['Rohan Joshi'],10
1911,['Rajat Gupta'],10
1912,['Ira Gupta'],10
1913,['Arjun Kapoor'],10
1915,['Sneha Verma'],10
1916,['Diya Kapoor'],10
1917,['Aakash Joshi'],10
1918,['Harsh Mukherjee'],10
1920,['Jahnvi Kapoor'],10
1922,['Harsh Mukherjee'],10
1923,['Aisha Bhat'],10
1924,['Ankit Khan'],10
1926,['Siddharth Deshmukh'],10
1927,['Sagar Mehta'],10
1928,['Rohan Mukherjee'],10
1930,['Ira Deshmukh'],10
1935,['Aman Mehta'],10
1936,['Aakash Kapoor'],10
1940,['Sanya Gowda'],10
1945,['Kavya Bhat'],10
2093,['Zoya Mehta'],0
1946,['Kabir Singh'],10
1950,['Ankit Gowda'],10
1951,['Pooja Agarwal'],10
1953,['Rohit Iyer'],10
1954,['Neha Patel'],10
1955,['Siddharth Sharma'],10
1961,['Siddharth Joshi'],10
1963,['Rohit Kapoor'],10
1967,['Nikhil Banerjee'],10
1968,['Aakash Banerjee'],10
1969,['Kunal Reddy'],10
1970,['Diya Singh'],10
1973,['Meera Singh'],10
1974,['Aman Verma'],10
1975,['Harsh Sharma'],10
1979,['Priya Sharma'],10
1980,['Nikhil Banerjee'],10
1981,['Mira Verma'],10
1985,['Diya Agarwal'],10
1986,['Rajat Mukherjee'],10
1987,['Ankit Patel'],10
1988,['Pooja Bhat'],10
1989,['Rahul Kapoor'],10
1992,['Rohan Kapoor'],10
1993,['Kunal Sharma'],10
1994,['Priya Patel'],10
1995,['Varun Sharma'],10
1997,['Naveen Mehta'],10
1998,['Ishita Chatterjee'],10
1999,['Harsh Bhat'],0
2179,['Ira Mukherjee'],0
2175,['Neha Agarwal'],0
2010,['Diya Bhat'],0
2000,['Mira Verma'],0
2106,['Yash Gowda'],0
2192,['Rohan Bhat'],0
2196,['Mira Nair'],0
2076,['Priya Nair'],0
2003,['Ishita Singh'],0
2024,['Ananya Kapoor'],0
2011,['Rahul Bose'],0
2004,['Vikram Agarwal'],0
2100,['Arjun Iyer'],0
2160,['Aisha Nair'],0
2006,['Jahnvi Deshmukh'],0
2109,['Sagar Bose'],0
2008,['Neha Khan'],0
2081,['Arjun Chatterjee'],0
2133,['Rahul Kapoor'],0
3449,['Jahnvi Bhat'],0
2016,['Kunal Sharma'],0
2194,['Siddharth Chatterjee'],0
2132,['Dev Kapoor'],0
2017,['Nikhil Agarwal'],0
2058,['Sanya Mukherjee'],0
2063,['Tanvi Agarwal'],0
2020,['Rahul Kapoor'],0
2021,['Varun Sharma'],0
2158,['Ananya Bhat'],0
2023,['Nikhil Reddy'],0
2025,['Neha Joshi'],0
2026,['Dev Verma'],0
2027,['Siddharth Bose'],0
2028,['Neha Gowda'],0
2094,['Sagar Joshi'],0
2029,['Neha Chatterjee'],0
2030,['Siddharth Khan'],0
2031,['Sneha Chatterjee'],0
2156,['Sneha Banerjee'],0
2034,['Sagar Gowda'],0
2035,['Harsh Mukherjee'],0
2072,['Kunal Gowda'],0
2038,['Dev Gupta'],0
2039,['Kunal Gowda'],0
2041,['Rohit Mehta'],0
2043,['Sagar Kapoor'],0
2044,['Diya Bhat'],0
2045,['Arjun Bose'],0
2046,['Rohan Bhat'],0
2047,['Rahul Iyer'],0
2048,['Zoya Bose'],0
2170,['Kavya Iyer'],0
2049,['Mira Joshi'],0
2050,['Arjun Kapoor'],0
2051,['Meera Bhat'],0
2052,['Kabir Chatterjee'],0
2053,['Pooja Mukherjee'],0
2055,['Siddharth Deshmukh'],0
2057,['Aarav Gowda'],0
2059,['Kunal Kapoor'],0
2061,['Aditi Singh'],0
2150,['Zoya Iyer'],0
2064,['Yash Patel'],0
2065,['Nisha Singh'],0
2066,['Kavya Mehta'],0
2067,['Aarav Sharma'],0
2068,['Aisha Agarwal'],0
2069,['Rajat Sharma'],0
2070,['Riya Kapoor'],0
2073,['Pooja Gupta'],0
2075,['Neha Mukherjee'],0
2078,['Ira Joshi'],0
2079,['Nikhil Joshi'],0
2082,['Nisha Patel'],0
2083,['Kunal Patel'],0
2086,['Aarohi Gupta'],0
2089,['Sneha Gowda'],0
3753,['Meera Khan'],0
2091,['Ankit Patel'],0
2095,['Vikram Kapoor'],0
2097,['Ira Mukherjee'],0
2099,['Ananya Gupta'],0
2101,['Nikhil Banerjee'],0
2103,['Yash Iyer'],0
2104,['Siddharth Joshi'],0
2105,['Neha Agarwal'],0
2107,['Neha Patel'],0
2110,['Kunal Mukherjee'],0
2112,['Zoya Verma'],0
2116,['Diya Banerjee'],0
2117,['Aditi Mukherjee'],0
2119,['Aman Singh'],0
2120,['Rohan Singh'],0
2121,['Aakash Deshmukh'],0
2122,['Nisha Mukherjee'],0
2123,['Riya Kapoor'],0
2125,['Aarav Verma'],0
2127,['Yash Banerjee'],0
2128,['Neha Khan'],0
2129,['Ananya Mehta'],0
2134,['Aman Bhat'],0
2135,['Rohan Verma'],0
2137,['Naveen Joshi'],0
2140,['Ankit Patel'],0
2141,['Rahul Verma'],0
2142,['Rohit Banerjee'],0
2144,['Aman Kapoor'],0
2145,['Diya Banerjee'],0
2146,['Aarav Joshi'],0
2149,['Rohan Mukherjee'],0
2151,['Aarohi Sharma'],0
2152,['Yash Singh'],0
2154,['Aarohi Agarwal'],0
2155,['Zoya Singh'],0
2157,['Kunal Deshmukh'],0
2159,['Aisha Banerjee'],0
2161,['Aditi Khan'],0
2162,['Aarav Mukherjee'],0
2163,['Rahul Bose'],0
2164,['Ananya Patel'],0
2169,['Arjun Iyer'],0
2172,['Ananya Joshi'],0
2173,['Kunal Mukherjee'],0
2174,['Riya Patel'],0
2176,['Kabir Bose'],0
2177,['Aditi Sharma'],0
2178,['Ishita Nair'],0
2180,['Aarav Agarwal'],0
2181,['Zoya Kapoor'],0
2182,['Harsh Chatterjee'],0
2183,['Aakash Agarwal'],0
2185,['Zoya Chatterjee'],0
2186,['Aarohi Patel'],0
2188,['Rahul Mukherjee'],0
2189,['Rohan Banerjee'],0
2190,['Ishita Iyer'],0
2191,['Aarav Bose'],0
2193,['Aakash Nair'],0
2195,['Vikram Gowda'],0
2227,['Ankit Singh'],11
2198,['Nikhil Banerjee'],11
2266,['Vikram Mukherjee'],11
2261,['Ankit Verma'],11
2272,['Dev Verma'],11
2254,['Sagar Mehta'],11
2202,['Rohit Mehta'],11
2345,['Aarohi Patel'],11
2203,['Zoya Deshmukh'],11
2231,['Kavya Joshi'],11
2228,['Aman Kapoor'],11
2204,['Siddharth Joshi'],11
2237,['Diya Khan'],11
2205,['Aisha Patel'],11
2407,['Tanvi Singh'],11
2206,['Jahnvi Reddy'],11
2208,['Sanya Patel'],11
2370,['Aarohi Sharma'],11
2323,['Yash Mehta'],11
2220,['Arjun Nair'],11
2235,['Ananya Gupta'],11
2385,['Nikhil Gupta'],11
2298,['Ishita Reddy'],11
2211,['Ira Mukherjee'],11
2319,['Yash Nair'],11
2310,['Kunal Bhat'],11
2224,['Pooja Mukherjee'],11
2215,['Ishita Reddy'],11
2410,['Nisha Gowda'],11
2217,['Aditi Banerjee'],11
2218,['Sagar Agarwal'],11
2219,['Varun Joshi'],11
2329,['Kunal Banerjee'],11
2222,['Rajat Singh'],11
2225,['Arjun Patel'],11
2236,['Meera Bose'],11
2226,['Vikram Mukherjee'],11
2379,['Arjun Deshmukh'],11
2354,['Aman Bhat'],11
2353,['Kavya Khan'],11
2229,['Yash Iyer'],11
2230,['Siddharth Iyer'],11
2325,['Varun Joshi'],11
2234,['Ira Chatterjee'],11
2339,['Aman Banerjee'],11
2373,['Nisha Bhat'],11
2238,['Diya Singh'],11
2271,['Jahnvi Singh'],11
2239,['Dev Banerjee'],11
2252,['Aarav Bhat'],11
2274,['Kabir Singh'],11
2242,['Jahnvi Bhat'],11
2243,['Varun Banerjee'],11
2244,['Aarav Chatterjee'],11
2245,['Sanya Bhat'],11
2247,['Jahnvi Patel'],11
2248,['Aarav Khan'],11
2249,['Pooja Bose'],11
2250,['Sagar Joshi'],11
2251,['Pooja Bose'],11
2255,['Tanvi Reddy'],11
2258,['Ishita Gowda'],11
2411,['Aarohi Kapoor'],11
2260,['Sanya Patel'],11
2262,['Mira Reddy'],11
2263,['Kavya Bose'],11
2264,['Aarav Verma'],11
2267,['Siddharth Deshmukh'],11
2268,['Neha Nair'],11
2269,['Ishita Gupta'],11
2270,['Mira Nair'],11
2273,['Pooja Gowda'],11
2275,['Neha Bhat'],11
2363,['Diya Kapoor'],11
2277,['Kavya Kapoor'],11
2278,['Aakash Singh'],11
2279,['Aakash Banerjee'],11
2280,['Varun Chatterjee'],11
2283,['Kunal Khan'],11
2284,['Ira Deshmukh'],11
2285,['Jahnvi Agarwal'],11
2286,['Meera Gowda'],11
2287,['Jahnvi Nair'],11
2289,['Kunal Nair'],11
2291,['Diya Deshmukh'],11
2292,['Aman Verma'],11
2293,['Ananya Joshi'],11
2294,['Ankit Kapoor'],11
2295,['Kunal Agarwal'],11
2296,['Siddharth Joshi'],11
2299,['Priya Singh'],11
2300,['Sanya Sharma'],11
2303,['Vikram Bhat'],11
2304,['Nisha Joshi'],11
2306,['Dev Patel'],11
2308,['Ira Deshmukh'],11
2309,['Ankit Kapoor'],11
2312,['Ananya Mukherjee'],11
2313,['Harsh Joshi'],11
2316,['Aarohi Gowda'],11
2318,['Zoya Bhat'],11
2320,['Aisha Bose'],11
2321,['Siddharth Banerjee'],11
2322,['Zoya Chatterjee'],11
2324,['Ananya Agarwal'],11
2326,['Nikhil Joshi'],11
2327,['Arjun Gowda'],11
2330,['Kunal Deshmukh'],11
2331,['Ishita Kapoor'],11
2332,['Rahul Joshi'],11
2333,['Rohit Banerjee'],11
2335,['Aman Singh'],11
2336,['Neha Singh'],11
2338,['Aakash Mukherjee'],11
2340,['Kunal Mehta'],11
2343,['Aarohi Nair'],11
2344,['Ananya Khan'],11
2346,['Kunal Chatterjee'],11
2347,['Aman Mehta'],11
2348,['Ira Agarwal'],11
2350,['Varun Mukherjee'],11
2351,['Meera Kapoor'],11
2355,['Aditi Patel'],11
2356,['Dev Verma'],11
2359,['Aditi Bose'],11
2360,['Rohit Bose'],11
2361,['Aakash Nair'],11
2362,['Harsh Singh'],11
2365,['Tanvi Iyer'],11
2368,['Aarav Singh'],11
2369,['Ananya Patel'],11
2371,['Aarav Bhat'],11
2372,['Kunal Singh'],11
2374,['Diya Kapoor'],11
2375,['Harsh Bhat'],11
2378,['Kabir Khan'],11
2380,['Tanvi Verma'],11
2381,['Mira Iyer'],11
2383,['Harsh Mukherjee'],11
2384,['Aditi Khan'],11
2386,['Rohit Verma'],11
2387,['Mira Patel'],11
2388,['Rahul Reddy'],11
2389,['Meera Chatterjee'],11
2390,['Aakash Deshmukh'],11
2391,['Tanvi Mehta'],11
2392,['Yash Joshi'],11
2395,['Vikram Gupta'],11
2396,['Yash Nair'],11
2397,['Ankit Patel'],11
2399,['Sanya Verma'],11
2400,['Tanvi Kapoor'],11
2402,['Ankit Verma'],11
2403,['Pooja Chatterjee'],11
2404,['Yash Nair'],11
2405,['Sagar Reddy'],11
2406,['Aakash Mehta'],11
2408,['Yash Gowda'],11
2414,['Yash Gowda'],11
2415,['Dev Singh'],11
2458,['Ishita Gupta'],12
2528,['Yash Khan'],12
2418,['Aarohi Banerjee'],12
2565,['Ishita Banerjee'],12
2419,['Ira Gowda'],12
2584,['Neha Deshmukh'],12
2520,['Aisha Gowda'],12
2532,['Mira Bhat'],12
2420,['Siddharth Kapoor'],12
2476,['Naveen Gowda'],12
2421,['Aditi Reddy'],12
2466,['Ankit Gowda'],12
2422,['Aditi Gupta'],12
2545,['Sagar Patel'],12
2502,['Priya Mukherjee'],12
2423,['Mira Patel'],12
2481,['Tanvi Bhat'],12
2443,['Kavya Bhat'],12
2424,['Naveen Bhat'],12
2425,['Priya Agarwal'],12
2454,['Rahul Chatterjee'],12
2428,['Nisha Agarwal'],12
2429,['Ankit Banerjee'],12
2507,['Nisha Kapoor'],12
2577,['Ishita Reddy'],12
2430,['Aisha Deshmukh'],12
2561,['Ankit Agarwal'],12
2467,['Sanya Sharma'],12
2438,['Harsh Mukherjee'],12
2525,['Rohit Joshi'],12
2439,['Aakash Gowda'],12
2572,['Aarohi Joshi'],12
2440,['Ankit Sharma'],12
2441,['Diya Bose'],12
2442,['Aisha Agarwal'],12
2444,['Kabir Khan'],12
2445,['Riya Sharma'],12
2446,['Sneha Joshi'],12
2531,['Tanvi Deshmukh'],12
2447,['Aakash Iyer'],12
2448,['Sanya Khan'],12
2451,['Kavya Gowda'],12
2452,['Aditi Verma'],12
2453,['Ankit Khan'],12
2514,['Nikhil Reddy'],12
2455,['Dev Reddy'],12
2546,['Mira Mehta'],12
2457,['Nikhil Chatterjee'],12
2459,['Riya Bhat'],12
2460,['Priya Verma'],12
2461,['Zoya Nair'],12
2463,['Riya Iyer'],12
2464,['Sneha Iyer'],12
2465,['Rajat Singh'],12
2530,['Riya Patel'],12
2468,['Neha Chatterjee'],12
2469,['Tanvi Bhat'],12
2471,['Rahul Bose'],12
2472,['Ishita Nair'],12
2473,['Ananya Gupta'],12
2475,['Mira Khan'],12
2477,['Ankit Bhat'],12
2479,['Aisha Verma'],12
2480,['Vikram Mukherjee'],12
2484,['Ira Nair'],12
2485,['Aditi Nair'],12
2487,['Naveen Verma'],12
2488,['Aisha Gupta'],12
2489,['Zoya Gowda'],12
2490,['Diya Chatterjee'],12
2491,['Priya Sharma'],12
2492,['Rohan Verma'],12
2494,['Ananya Reddy'],12
2495,['Nisha Banerjee'],12
2496,['Kavya Deshmukh'],12
2497,['Kunal Mukherjee'],12
2500,['Arjun Gupta'],12
2504,['Kabir Gowda'],12
2505,['Aarohi Banerjee'],12
2508,['Sneha Agarwal'],12
2509,['Siddharth Deshmukh'],12
2512,['Meera Deshmukh'],12
2515,['Varun Mukherjee'],12
2516,['Riya Khan'],12
2517,['Jahnvi Kapoor'],12
2519,['Rohan Verma'],12
2521,['Aakash Chatterjee'],12
2522,['Aarav Kapoor'],12
2524,['Tanvi Singh'],12
2527,['Aakash Deshmukh'],12
2529,['Rajat Mehta'],12
2534,['Varun Khan'],12
2535,['Aakash Bhat'],12
2536,['Ananya Joshi'],12
2537,['Arjun Reddy'],12
2538,['Diya Kapoor'],12
2539,['Yash Mukherjee'],12
2541,['Sanya Kapoor'],12
2542,['Aditi Banerjee'],12
2543,['Naveen Deshmukh'],12
2547,['Rahul Agarwal'],12
2548,['Aakash Verma'],12
2549,['Sagar Chatterjee'],12
2550,['Zoya Patel'],12
2553,['Kabir Nair'],12
2554,['Rajat Gupta'],12
2556,['Kunal Khan'],12
2558,['Dev Singh'],12
2559,['Ishita Singh'],12
2560,['Jahnvi Kapoor'],12
2563,['Ankit Verma'],12
2564,['Riya Khan'],12
2567,['Zoya Chatterjee'],12
2574,['Aarav Singh'],12
2575,['Tanvi Chatterjee'],12
2576,['Yash Gowda'],12
2578,['Dev Khan'],12
2579,['Nisha Agarwal'],12
2580,['Ankit Reddy'],12
2585,['Priya Reddy'],4
2738,['Vikram Gupta'],4
2860,['Aditi Kapoor'],4
2586,['Riya Kapoor'],4
2776,['Kabir Mehta'],4
2674,['Ira Sharma'],4
2865,['Varun Iyer'],4
2587,['Yash Khan'],4
2620,['Aarav Sharma'],4
2656,['Dev Patel'],4
2812,['Jahnvi Bose'],4
2716,['Riya Khan'],4
2886,['Aditi Kapoor'],4
2589,['Ira Bhat'],4
2802,['Ankit Patel'],4
2590,['Naveen Bose'],4
2688,['Nisha Bhat'],4
2607,['Rohit Nair'],4
2751,['Aarohi Joshi'],4
2591,['Mira Chatterjee'],4
2693,['Kabir Gupta'],4
2798,['Aditi Joshi'],4
2593,['Ankit Mukherjee'],4
2594,['Siddharth Agarwal'],4
2875,['Aakash Reddy'],4
2842,['Rohan Banerjee'],4
2636,['Sneha Patel'],4
2874,['Arjun Khan'],4
2655,['Vikram Bhat'],4
2597,['Rohit Iyer'],4
2803,['Pooja Deshmukh'],4
2783,['Naveen Mukherjee'],4
2598,['Ananya Nair'],4
2599,['Rohit Bhat'],4
2610,['Sanya Bhat'],4
2734,['Ananya Mukherjee'],4
2600,['Yash Deshmukh'],4
2658,['Vikram Singh'],4
2826,['Mira Bose'],4
2601,['Harsh Joshi'],4
2781,['Harsh Nair'],4
2818,['Harsh Joshi'],4
2603,['Rahul Gupta'],4
2604,['Rohan Chatterjee'],4
2605,['Diya Nair'],4
2606,['Sneha Kapoor'],4
2832,['Siddharth Iyer'],4
2711,['Aarohi Deshmukh'],4
2608,['Aarohi Gowda'],4
2710,['Aisha Singh'],4
2766,['Aman Mehta'],4
2835,['Vikram Joshi'],4
2611,['Aarohi Khan'],4
2778,['Sneha Verma'],4
2880,['Kavya Banerjee'],4
2612,['Harsh Bhat'],4
2867,['Priya Kapoor'],4
2615,['Siddharth Mukherjee'],4
2690,['Mira Gupta'],4
2618,['Nikhil Gupta'],4
2634,['Varun Sharma'],4
2619,['Kavya Banerjee'],4
2621,['Tanvi Nair'],4
2623,['Tanvi Joshi'],4
2624,['Riya Singh'],4
2625,['Aditi Gowda'],4
2626,['Harsh Gowda'],4
2627,['Ankit Verma'],4
2628,['Ira Agarwal'],4
2630,['Rajat Bose'],4
2631,['Dev Mehta'],4
2632,['Rajat Nair'],4
2633,['Aman Verma'],4
2637,['Neha Patel'],4
2639,['Arjun Agarwal'],4
2640,['Vikram Kapoor'],4
2760,['Harsh Verma'],4
2862,['Riya Patel'],4
2641,['Ananya Verma'],4
2642,['Jahnvi Deshmukh'],4
2643,['Rohan Khan'],4
2646,['Ishita Khan'],4
2647,['Ankit Kapoor'],4
2651,['Ananya Nair'],4
2652,['Arjun Bose'],4
2654,['Varun Chatterjee'],4
2780,['Zoya Bose'],4
2657,['Meera Patel'],4
2659,['Sneha Mehta'],4
2820,['Jahnvi Nair'],4
2662,['Ananya Bose'],4
2663,['Zoya Chatterjee'],4
2665,['Rohan Singh'],4
2666,['Zoya Nair'],4
2667,['Yash Sharma'],4
2668,['Riya Banerjee'],4
2670,['Aman Verma'],4
2675,['Diya Khan'],4
2676,['Rajat Verma'],4
2765,['Aakash Sharma'],4
